 ,Image,Area,X,Y,Perim.,Circ.,AR,Round,Solidity,Cutoff,Factor,Mass,xC,yC,xxVar,yyVar,xyVar,xSkew,ySkew,xKurt,yKurt,Orient.,Eccentr.,Hu0,Hu1,Hu2,Hu3,Hu4,Hu5,Hu6,Ext.,Disp.,Elong.,CutAngle
1,MAX_File_86_01-31-2019_CYM_1_4_Calb2_3B_YFP_Mid_GFP-g_Hu-b.lif - TileScan_001_Merging001_ProjMax001_AdjustClr001-watershed-lines.tif,389405.418,437.121,1267.424,2787.187,0.630,1.949,0.513,1.694,0,1,1998435,484.547,251.219,43540.773,17736.840,-4293.499,-0.151,-0.251,-0.658,-1.389,-9.203,1.478E15,0.031,1.852E-4,3.555E-6,2.502E-7,1.729E-13,1.960E-9,1.606E-13,6.148,5.460,0.688,64.906
2,MAX_File_86_01-31-2019_CYM_1_4_Calb2_3B_YFP_Mid_GFP-g_Hu-b.lif - TileScan_001_Merging001_ProjMax001_AdjustClr001-watershed-lines.tif,37015.611,973.485,1403.030,692.327,0.970,1.198,0.835,1.242,0,1,226185,969.578,112.078,5594.301,2772.055,591.983,0.207,-0.723,-1.502,-0.862,11.379,2.119E12,0.037,1.831E-4,1.219E-5,6.763E-6,-4.111E-11,-8.793E-8,4.560E-11,6.339,5.785,0.553,36.512
3,MAX_File_86_01-31-2019_CYM_1_4_Calb2_3B_YFP_Mid_GFP-g_Hu-b.lif - TileScan_001_Merging001_ProjMax001_AdjustClr001-watershed-lines.tif,33732.782,1193.939,1420.455,723.607,0.810,1.699,0.589,1.151,0,1,241230,1191.604,99.414,7959.388,1382.834,-505.617,-0.081,-0.683,-1.611,-0.945,-4.371,1.068E13,0.039,7.608E-4,9.662E-6,2.229E-6,-7.244E-12,-5.422E-8,-7.380E-12,6.731,5.445,1.286,54.907
4,MAX_File_86_01-31-2019_CYM_1_4_Calb2_3B_YFP_Mid_GFP-g_Hu-b.lif - TileScan_001_Merging001_ProjMax001_AdjustClr001-watershed-lines.tif,6088.154,1363.636,1465.152,303.004,0.833,2.294,0.436,1.597,0,1,97410,1353.570,31.723,1510.386,137.092,-148.035,0.367,-0.422,-1.340,-0.290,-6.083,192247918243.630,0.017,2.080E-4,1.272E-6,4.802E-7,3.315E-13,5.934E-9,1.759E-13,5.650,3.823,1.827,71.181
5,MAX_File_86_01-31-2019_CYM_1_4_Calb2_3B_YFP_Mid_GFP-g_Hu-b.lif - TileScan_001_Merging001_ProjMax001_AdjustClr001-watershed-lines.tif,46487.603,1368.939,1377.273,740.266,1.000,1.111,0.900,1.376,0,1,306765,1344.207,118.404,3077.700,5898.303,465.508,0.528,-0.029,-0.915,-1.683,80.867,2.706E12,0.029,9.375E-5,1.790E-6,1.104E-6,-3.403E-13,-8.102E-9,1.514E-12,5.963,5.467,0.496,41.682
6,MAX_File_86_01-31-2019_CYM_1_4_Calb2_3B_YFP_Mid_GFP-g_Hu-b.lif - TileScan_001_Merging001_ProjMax001_AdjustClr001-watershed-lines.tif,129256.198,756.061,1298.485,1372.912,0.862,1.353,0.739,1.333,0,1,779280,741.603,188.791,17809.242,10860.425,853.436,0.077,0.013,-1.451,-1.571,6.900,3.990E13,0.037,8.431E-5,5.362E-7,7.476E-8,7.112E-15,-1.808E-11,1.317E-14,6.203,5.835,0.368,46.658
7,MAX_File_86_01-31-2019_CYM_1_4_Calb2_3B_YFP_Mid_GFP-g_Hu-b.lif - TileScan_001_Merging001_ProjMax001_AdjustClr001-watershed-lines.tif,20922.865,493.939,1379.545,464.293,1.000,1.054,0.949,1.431,0,1,236385,496.320,112.652,2463.805,2343.287,316.906,0.043,-0.079,-1.561,-1.568,39.617,98393209939.361,0.020,7.449E-6,1.358E-7,5.919E-8,3.767E-15,-1.575E-10,3.739E-15,5.208,5.013,0.195,15.917
8,MAX_File_86_01-31-2019_CYM_1_4_Calb2_3B_YFP_Mid_GFP-g_Hu-b.lif - TileScan_001_Merging001_ProjMax001_AdjustClr001-watershed-lines.tif,60973.370,350.000,1322.727,791.855,1.000,1.037,0.964,1.618,0,1,507705,360.460,165.217,6521.877,6161.621,-91.635,-0.119,-0.024,-1.525,-1.366,-13.482,82945214088.075,0.025,6.338E-7,5.818E-9,4.825E-8,8.006E-16,2.013E-11,-1.108E-16,5.368,5.322,0.046,26.579
9,MAX_File_86_01-31-2019_CYM_1_4_Calb2_3B_YFP_Mid_GFP-g_Hu-b.lif - TileScan_001_Merging001_ProjMax001_AdjustClr001-watershed-lines.tif,47061.524,1207.576,1270.455,735.865,1.000,1.312,0.762,1.530,0,1,374595,1208.929,218.054,6067.246,4054.054,1218.950,-0.003,0.019,-1.442,-1.475,25.225,3.745E12,0.027,7.124E-5,1.529E-6,1.483E-7,-4.890E-14,-3.343E-10,-5.090E-14,5.828,5.362,0.466,47.702
10,MAX_File_86_01-31-2019_CYM_1_4_Calb2_3B_YFP_Mid_GFP-g_Hu-b.lif - TileScan_001_Merging001_ProjMax001_AdjustClr001-watershed-lines.tif,101053.719,1018.939,1187.121,1028.928,1.000,1.090,0.918,1.565,0,1,613530,1017.873,289.517,8817.866,11766.110,-237.429,0.116,0.102,-1.394,-1.439,-85.425,5.471E12,0.034,2.369E-5,1.141E-8,1.984E-7,1.982E-15,-1.576E-11,9.229E-15,5.944,5.733,0.211,28.830
11,MAX_File_86_01-31-2019_CYM_1_4_Calb2_3B_YFP_Mid_GFP-g_Hu-b.lif - TileScan_001_Merging001_ProjMax001_AdjustClr001-watershed-lines.tif,43452.709,539.394,1195.455,738.187,1.000,1.750,0.571,1.417,0,1,414630,531.687,292.036,3072.120,8062.945,333.071,0.069,0.027,-1.647,-1.470,86.199,1.051E13,0.027,1.475E-4,7.111E-7,5.851E-8,-4.302E-15,-5.560E-10,-1.113E-14,5.965,5.262,0.703,57.238
12,MAX_File_86_01-31-2019_CYM_1_4_Calb2_3B_YFP_Mid_GFP-g_Hu-b.lif - TileScan_001_Merging001_ProjMax001_AdjustClr001-watershed-lines.tif,86976.584,1340.152,1141.667,1063.417,0.967,1.266,0.790,1.473,0,1,550035,1315.641,362.303,5628.945,11850.971,-1410.621,0.449,-0.222,-0.910,-1.372,-77.805,2.567E13,0.032,1.543E-4,3.222E-6,1.413E-6,-2.380E-12,-3.692E-9,-1.848E-12,6.146,5.551,0.596,52.463
13,MAX_File_86_01-31-2019_CYM_1_4_Calb2_3B_YFP_Mid_GFP-g_Hu-b.lif - TileScan_001_Merging001_ProjMax001_AdjustClr001-watershed-lines.tif,83223.140,352.273,1143.939,997.916,1.000,1.240,0.807,1.784,0,1,629850,343.029,342.796,7237.255,8951.658,-3007.674,0.299,0.043,-1.356,-1.159,-52.954,2.464E13,0.026,9.862E-5,1.673E-6,1.438E-8,-2.231E-15,-9.816E-11,8.647E-18,5.835,5.247,0.588,66.916
14,MAX_File_86_01-31-2019_CYM_1_4_Calb2_3B_YFP_Mid_GFP-g_Hu-b.lif - TileScan_001_Merging001_ProjMax001_AdjustClr001-watershed-lines.tif,29230.946,688.636,1147.727,599.859,1.000,1.112,0.899,1.362,0,1,291210,688.800,342.396,3955.696,2823.919,-462.173,0.106,0.205,-1.522,-1.517,-19.620,621830928181.927,0.023,2.518E-5,8.253E-7,2.189E-7,-9.158E-14,5.883E-10,-1.658E-14,5.503,5.187,0.316,37.335
15,MAX_File_86_01-31-2019_CYM_1_4_Calb2_3B_YFP_Mid_GFP-g_Hu-b.lif - TileScan_001_Merging001_ProjMax001_AdjustClr001-watershed-lines.tif,51303.949,1150.758,1087.879,810.431,0.982,1.020,0.980,1.515,0,1,434010,1167.975,415.143,4632.181,5587.147,-1593.817,-0.404,-0.088,-1.133,-1.363,-53.339,4.806E12,0.024,5.878E-5,2.928E-6,1.170E-7,-1.195E-14,8.897E-10,6.740E-14,5.644,5.157,0.488,42.391
16,MAX_File_86_01-31-2019_CYM_1_4_Calb2_3B_YFP_Mid_GFP-g_Hu-b.lif - TileScan_001_Merging001_ProjMax001_AdjustClr001-watershed-lines.tif,42851.240,861.364,1057.576,752.970,0.950,1.254,0.797,1.256,0,1,375105,866.449,436.370,5734.977,4393.068,238.687,-0.109,0.003,-1.428,-1.628,9.791,760939606081.887,0.027,1.442E-5,6.244E-7,2.806E-7,-6.813E-14,7.952E-10,-9.564E-14,5.625,5.421,0.204,42.048
17,MAX_File_86_01-31-2019_CYM_1_4_Calb2_3B_YFP_Mid_GFP-g_Hu-b.lif - TileScan_001_Merging001_ProjMax001_AdjustClr001-watershed-lines.tif,73535.354,118.182,974.242,1019.511,0.889,1.351,0.740,1.120,0,1,404940,143.109,510.749,6581.221,15205.167,279.238,-0.402,0.192,-1.391,-1.715,88.147,3.024E13,0.054,4.555E-4,8.461E-6,4.516E-6,-1.680E-11,-4.460E-8,-2.230E-11,6.912,6.306,0.605,40.090
18,MAX_File_86_01-31-2019_CYM_1_4_Calb2_3B_YFP_Mid_GFP-g_Hu-b.lif - TileScan_001_Merging001_ProjMax001_AdjustClr001-watershed-lines.tif,67584.940,631.818,1001.515,893.898,1.000,1.150,0.870,1.361,0,1,510510,630.587,498.302,9342.199,6734.027,229.796,0.100,0.019,-1.568,-1.597,4.997,3.581E12,0.031,2.691E-5,4.553E-7,1.375E-7,1.908E-14,1.591E-10,-2.862E-14,5.877,5.637,0.240,42.286
19,MAX_File_86_01-31-2019_CYM_1_4_Calb2_3B_YFP_Mid_GFP-g_Hu-b.lif - TileScan_001_Merging001_ProjMax001_AdjustClr001-watershed-lines.tif,57658.402,411.364,1001.515,823.466,1.000,1.032,0.969,1.420,0,1,457215,420.335,490.424,6619.314,6199.520,11.471,-0.188,0.048,-1.492,-1.539,1.564,80814133910.816,0.028,8.455E-7,1.156E-7,1.285E-7,1.023E-14,7.726E-11,1.186E-14,5.536,5.489,0.047,27.332
20,MAX_File_86_01-31-2019_CYM_1_4_Calb2_3B_YFP_Mid_GFP-g_Hu-b.lif - TileScan_001_Merging001_ProjMax001_AdjustClr001-watershed-lines.tif,43840.680,1385.606,956.818,734.116,1.000,1.496,0.669,1.346,0,1,343740,1378.838,540.076,3132.920,7174.785,-618.221,0.004,-0.114,-1.596,-1.412,-81.495,6.141E12,0.030,1.512E-4,1.290E-8,1.795E-7,8.300E-15,2.162E-9,2.400E-15,6.082,5.454,0.629,55.097
21,MAX_File_86_01-31-2019_CYM_1_4_Calb2_3B_YFP_Mid_GFP-g_Hu-b.lif - TileScan_001_Merging001_ProjMax001_AdjustClr001-watershed-lines.tif,85858.586,1030.303,856.061,1029.069,1.000,1.294,0.773,1.390,0,1,607920,1018.524,638.678,8004.095,13290.161,20.914,0.070,0.002,-1.575,-1.568,89.773,1.699E13,0.035,7.561E-5,3.567E-7,3.046E-8,-3.169E-15,2.496E-10,2.123E-16,6.130,5.765,0.366,51.857
22,MAX_File_86_01-31-2019_CYM_1_4_Calb2_3B_YFP_Mid_GFP-g_Hu-b.lif - TileScan_001_Merging001_ProjMax001_AdjustClr001-watershed-lines.tif,33340.220,278.030,890.152,653.427,0.981,1.369,0.730,1.332,0,1,309060,274.879,603.430,2756.793,5288.602,-258.098,0.200,0.082,-1.544,-1.433,-84.238,2.063E12,0.026,6.990E-5,8.677E-7,2.749E-7,-1.341E-13,2.019E-9,6.697E-15,5.784,5.304,0.480,49.216
23,MAX_File_86_01-31-2019_CYM_1_4_Calb2_3B_YFP_Mid_GFP-g_Hu-b.lif - TileScan_001_Merging001_ProjMax001_AdjustClr001-watershed-lines.tif,37860.422,1413.636,825.000,787.648,0.767,2.855,0.350,1.729,0,1,310080,1409.071,693.034,883.532,9793.304,-1096.067,-0.134,-0.321,-1.176,-1.165,-83.089,2.611E13,0.034,8.756E-4,1.082E-5,4.150E-6,2.598E-11,9.565E-8,-9.908E-12,6.681,4.818,1.862,70.591
24,MAX_File_86_01-31-2019_CYM_1_4_Calb2_3B_YFP_Mid_GFP-g_Hu-b.lif - TileScan_001_Merging001_ProjMax001_AdjustClr001-watershed-lines.tif,105321.396,1246.970,834.091,1170.517,0.966,1.113,0.898,1.440,0,1,690285,1238.649,670.718,12149.656,11670.476,2123.138,0.107,-0.164,-1.503,-1.406,41.781,1.260E13,0.035,3.832E-5,3.388E-6,1.001E-7,1.995E-14,6.161E-10,5.480E-14,6.027,5.765,0.262,53.524
25,MAX_File_86_01-31-2019_CYM_1_4_Calb2_3B_YFP_Mid_GFP-g_Hu-b.lif - TileScan_001_Merging001_ProjMax001_AdjustClr001-watershed-lines.tif,22490.817,835.606,908.333,539.709,0.970,1.041,0.960,1.214,0,1,262395,837.444,587.542,2928.562,3098.215,198.279,0.015,-0.117,-1.578,-1.650,56.581,48816151719.703,0.023,2.702E-6,2.721E-8,2.597E-8,6.110E-16,2.367E-11,-3.211E-16,5.301,5.198,0.103,32.852
26,MAX_File_86_01-31-2019_CYM_1_4_Calb2_3B_YFP_Mid_GFP-g_Hu-b.lif - TileScan_001_Merging001_ProjMax001_AdjustClr001-watershed-lines.tif,44421.488,445.455,817.424,704.764,1.000,1.163,0.860,1.517,0,1,394485,440.719,663.735,5729.381,3884.553,-438.235,0.173,0.120,-1.430,-1.439,-12.706,1.646E12,0.024,2.681E-5,1.019E-6,8.322E-8,2.166E-14,3.559E-10,1.088E-14,5.565,5.254,0.311,48.067
27,MAX_File_86_01-31-2019_CYM_1_4_Calb2_3B_YFP_Mid_GFP-g_Hu-b.lif - TileScan_001_Merging001_ProjMax001_AdjustClr001-watershed-lines.tif,58833.792,661.364,771.212,887.013,0.940,1.154,0.866,1.542,0,1,534225,677.192,703.012,4977.659,6830.263,1528.229,-0.250,0.305,-1.128,-1.256,60.611,6.824E12,0.022,4.476E-5,1.574E-6,7.341E-8,1.308E-14,1.619E-10,-2.126E-14,5.528,5.077,0.451,62.524
28,MAX_File_86_01-31-2019_CYM_1_4_Calb2_3B_YFP_Mid_GFP-g_Hu-b.lif - TileScan_001_Merging001_ProjMax001_AdjustClr001-watershed-lines.tif,9159.780,730.303,847.727,323.607,1.000,1.228,0.814,1.420,0,1,143055,728.986,642.488,1273.317,819.356,182.493,0.184,0.140,-1.520,-1.461,19.400,48538049471.773,0.015,1.658E-5,7.751E-9,5.548E-8,1.132E-15,2.161E-10,2.035E-16,4.905,4.493,0.412,42.336
29,MAX_File_86_01-31-2019_CYM_1_4_Calb2_3B_YFP_Mid_GFP-g_Hu-b.lif - TileScan_001_Merging001_ProjMax001_AdjustClr001-watershed-lines.tif,34722.222,853.788,752.273,629.552,1.000,1.033,0.968,1.369,0,1,355980,844.532,741.428,4216.266,4283.061,163.716,0.167,-0.108,-1.591,-1.546,50.765,39753256630.995,0.024,8.812E-7,1.086E-6,1.761E-9,6.094E-17,1.622E-12,4.710E-17,5.313,5.256,0.057,26.889
30,MAX_File_86_01-31-2019_CYM_1_4_Calb2_3B_YFP_Mid_GFP-g_Hu-b.lif - TileScan_001_Merging001_ProjMax001_AdjustClr001-watershed-lines.tif,66574.839,111.364,678.788,940.203,0.946,1.379,0.725,1.491,0,1,420750,135.186,808.764,4726.422,9711.670,-956.360,-0.469,-0.186,-1.297,-1.241,-79.505,1.200E13,0.034,1.611E-4,2.963E-6,9.298E-7,-1.489E-12,-1.124E-8,-4.050E-13,6.235,5.675,0.560,49.870
31,MAX_File_86_01-31-2019_CYM_1_4_Calb2_3B_YFP_Mid_GFP-g_Hu-b.lif - TileScan_001_Merging001_ProjMax001_AdjustClr001-watershed-lines.tif,59276.860,559.848,696.212,811.749,1.000,1.132,0.883,1.438,0,1,484245,552.369,808.005,6902.869,5600.996,-186.304,0.086,-0.184,-1.518,-1.472,-7.986,887964533829.132,0.026,7.820E-6,5.896E-7,5.606E-8,-7.298E-15,1.548E-10,7.113E-15,5.519,5.362,0.157,36.091
32,MAX_File_86_01-31-2019_CYM_1_4_Calb2_3B_YFP_Mid_GFP-g_Hu-b.lif - TileScan_001_Merging001_ProjMax001_AdjustClr001-watershed-lines.tif,64279.155,312.121,677.273,854.998,1.000,1.429,0.700,1.426,0,1,483480,327.691,823.185,10030.729,4947.145,-294.929,-0.268,-0.174,-1.450,-1.451,-3.309,1.266E13,0.031,1.120E-4,3.580E-7,8.072E-7,2.513E-13,7.608E-9,-3.538E-13,6.057,5.544,0.514,42.473
33,MAX_File_86_01-31-2019_CYM_1_4_Calb2_3B_YFP_Mid_GFP-g_Hu-b.lif - TileScan_001_Merging001_ProjMax001_AdjustClr001-watershed-lines.tif,60068.871,1066.667,608.333,875.590,0.985,1.211,0.826,1.473,0,1,444975,1085.169,872.238,6892.778,5723.237,1040.329,-0.220,0.303,-1.303,-1.383,30.330,2.535E12,0.028,2.877E-5,3.094E-6,1.157E-7,-2.191E-15,1.369E-10,6.922E-14,5.755,5.479,0.276,52.805
34,MAX_File_86_01-31-2019_CYM_1_4_Calb2_3B_YFP_Mid_GFP-g_Hu-b.lif - TileScan_001_Merging001_ProjMax001_AdjustClr001-watershed-lines.tif,78076.217,911.364,562.121,999.869,0.981,1.061,0.942,1.391,0,1,569670,900.878,940.850,8448.544,9203.709,340.759,0.078,-0.113,-1.548,-1.556,68.967,589461706906.656,0.031,3.188E-6,9.005E-7,2.423E-8,3.085E-15,4.159E-11,1.815E-15,5.714,5.631,0.083,23.771
35,MAX_File_86_01-31-2019_CYM_1_4_Calb2_3B_YFP_Mid_GFP-g_Hu-b.lif - TileScan_001_Merging001_ProjMax001_AdjustClr001-watershed-lines.tif,29568.411,1418.182,566.667,709.469,0.738,2.629,0.380,1.167,0,1,261375,1396.245,926.342,995.623,9970.175,-69.512,0.994,0.037,-0.531,-1.570,-89.556,2.106E13,0.042,0.001,4.189E-6,1.007E-6,-1.856E-12,-3.144E-8,9.165E-13,6.934,5.271,1.662,68.545
36,MAX_File_86_01-31-2019_CYM_1_4_Calb2_3B_YFP_Mid_GFP-g_Hu-b.lif - TileScan_001_Merging001_ProjMax001_AdjustClr001-watershed-lines.tif,60101.010,1283.333,556.818,934.421,0.865,1.336,0.749,1.206,0,1,464610,1289.091,930.790,5820.288,9557.151,455.111,-0.104,-5.406E-4,-1.656,-1.468,83.155,6.873E12,0.033,6.853E-5,3.219E-7,9.658E-9,-5.318E-16,7.467E-11,8.477E-17,6.051,5.682,0.369,47.957
37,MAX_File_86_01-31-2019_CYM_1_4_Calb2_3B_YFP_Mid_GFP-g_Hu-b.lif - TileScan_001_Merging001_ProjMax001_AdjustClr001-watershed-lines.tif,49455.923,721.970,549.242,757.104,1.000,1.295,0.772,1.586,0,1,469455,727.010,938.813,3639.410,7594.687,39.111,-0.059,0.120,-1.510,-1.508,89.434,7.347E12,0.024,7.101E-5,4.232E-7,1.220E-7,2.770E-14,6.034E-10,-8.010E-16,5.696,5.165,0.531,48.184
38,MAX_File_86_01-31-2019_CYM_1_4_Calb2_3B_YFP_Mid_GFP-g_Hu-b.lif - TileScan_001_Merging001_ProjMax001_AdjustClr001-watershed-lines.tif,35013.774,130.303,581.061,610.026,1.000,1.008,0.992,1.406,0,1,306765,133.845,919.199,3779.893,4206.324,362.047,-0.257,-0.153,-1.470,-1.540,60.247,216623930962.851,0.026,7.504E-6,4.708E-7,5.537E-7,-1.749E-13,3.380E-10,2.222E-13,5.527,5.374,0.152,26.140
39,MAX_File_86_01-31-2019_CYM_1_4_Calb2_3B_YFP_Mid_GFP-g_Hu-b.lif - TileScan_001_Merging001_ProjMax001_AdjustClr001-watershed-lines.tif,5286.961,447.727,602.273,216.354,1.000,1.043,0.959,1.618,0,1,115005,450.448,888.724,552.416,569.169,-46.579,-0.123,0.122,-1.550,-1.437,-50.097,1030337467.893,0.010,6.774E-7,1.815E-8,1.481E-9,-4.909E-18,1.002E-12,-5.902E-18,4.083,3.961,0.122,25.156
40,MAX_File_86_01-31-2019_CYM_1_4_Calb2_3B_YFP_Mid_GFP-g_Hu-b.lif - TileScan_001_Merging001_ProjMax001_AdjustClr001-watershed-lines.tif,10817.264,519.697,571.212,338.213,1.000,1.226,0.816,1.766,0,1,181815,514.320,919.388,1203.084,755.073,99.237,0.263,0.188,-1.334,-1.339,11.947,43654969246.909,0.011,7.263E-6,1.357E-7,6.036E-9,1.898E-17,1.530E-11,-1.717E-16,4.431,4.062,0.369,45.798
41,MAX_File_86_01-31-2019_CYM_1_4_Calb2_3B_YFP_Mid_GFP-g_Hu-b.lif - TileScan_001_Merging001_ProjMax001_AdjustClr001-watershed-lines.tif,57254.362,340.152,521.212,826.774,1.000,1.853,0.540,1.452,0,1,524025,341.139,967.250,12615.740,3620.392,-495.761,0.056,0.141,-1.557,-1.607,-3.145,4.292E13,0.031,2.982E-4,8.629E-9,7.337E-8,-3.556E-16,9.257E-10,-1.812E-15,6.273,5.365,0.908,59.838
42,MAX_File_86_01-31-2019_CYM_1_4_Calb2_3B_YFP_Mid_GFP-g_Hu-b.lif - TileScan_001_Merging001_ProjMax001_AdjustClr001-watershed-lines.tif,34694.674,594.697,491.667,602.926,1.000,1.067,0.937,1.541,0,1,308805,593.232,1005.547,3758.758,3414.582,434.875,-0.046,-0.084,-1.410,-1.450,34.205,270180345608.461,0.023,9.175E-6,3.175E-7,4.829E-9,5.462E-17,-1.437E-11,1.810E-16,5.395,5.206,0.189,26.798
43,MAX_File_86_01-31-2019_CYM_1_4_Calb2_3B_YFP_Mid_GFP-g_Hu-b.lif - TileScan_001_Merging001_ProjMax001_AdjustClr001-watershed-lines.tif,8780.992,40.152,468.939,340.103,0.954,1.471,0.680,1.223,0,1,88230,59.183,1025.749,238.109,1728.614,220.652,-0.343,0.058,-1.170,-1.659,81.754,213194799382.615,0.022,3.104E-4,1.785E-6,2.665E-7,-1.578E-13,-4.599E-9,-9.427E-14,5.999,4.451,1.547,47.365
44,MAX_File_86_01-31-2019_CYM_1_4_Calb2_3B_YFP_Mid_GFP-g_Hu-b.lif - TileScan_001_Merging001_ProjMax001_AdjustClr001-watershed-lines.tif,86831.956,1106.061,370.455,973.090,1.000,1.026,0.975,1.466,0,1,600525,1110.884,1121.097,9762.194,10011.346,680.280,-0.047,-0.082,-1.537,-1.554,50.189,1.149E12,0.033,5.305E-6,6.878E-8,3.326E-8,-6.442E-16,6.962E-11,1.454E-15,5.819,5.718,0.101,39.026
45,MAX_File_86_01-31-2019_CYM_1_4_Calb2_3B_YFP_Mid_GFP-g_Hu-b.lif - TileScan_001_Merging001_ProjMax001_AdjustClr001-watershed-lines.tif,14049.587,145.455,457.576,407.479,1.000,1.324,0.756,1.343,0,1,184365,142.662,1033.236,2127.305,1275.574,-104.465,-3.820E-4,0.056,-1.423,-1.629,-6.891,141794619140.982,0.018,2.263E-5,9.654E-9,1.573E-9,9.444E-19,2.315E-12,-6.055E-18,5.217,4.837,0.380,51.936
46,MAX_File_86_01-31-2019_CYM_1_4_Calb2_3B_YFP_Mid_GFP-g_Hu-b.lif - TileScan_001_Merging001_ProjMax001_AdjustClr001-watershed-lines.tif,103301.194,330.303,356.818,1300.096,0.768,1.974,0.507,1.170,0,1,726495,344.042,1142.091,21143.290,6755.579,431.419,-0.104,-0.130,-1.335,-1.680,1.716,1.509E14,0.038,3.936E-4,6.000E-7,1.979E-7,4.221E-14,3.610E-9,-5.355E-14,6.544,5.719,0.825,64.765
47,MAX_File_86_01-31-2019_CYM_1_4_Calb2_3B_YFP_Mid_GFP-g_Hu-b.lif - TileScan_001_Merging001_ProjMax001_AdjustClr001-watershed-lines.tif,20518.825,908.333,393.939,505.488,1.000,1.329,0.752,1.386,0,1,246075,902.306,1097.471,3084.340,1810.939,-430.269,0.137,0.069,-1.599,-1.510,-17.025,581247918043.869,0.020,3.901E-5,4.605E-9,7.909E-8,-1.509E-15,2.931E-10,3.115E-17,5.388,4.919,0.469,42.569
48,MAX_File_86_01-31-2019_CYM_1_4_Calb2_3B_YFP_Mid_GFP-g_Hu-b.lif - TileScan_001_Merging001_ProjMax001_AdjustClr001-watershed-lines.tif,3328.742,1449.242,404.545,200.342,1.000,1.724,0.580,1.687,0,1,57375,1446.286,1086.522,135.460,519.720,162.569,0.239,-0.078,-1.054,-1.293,69.882,14537107503.504,0.011,7.697E-5,5.811E-7,6.907E-8,-9.369E-15,-3.629E-10,1.018E-14,5.016,3.550,1.466,50.835
49,MAX_File_86_01-31-2019_CYM_1_4_Calb2_3B_YFP_Mid_GFP-g_Hu-b.lif - TileScan_001_Merging001_ProjMax001_AdjustClr001-watershed-lines.tif,67954.545,690.152,328.030,889.739,1.000,1.448,0.691,1.516,0,1,488325,682.198,1143.256,11488.531,4897.886,-2043.571,0.103,0.386,-1.469,-1.252,-15.902,2.937E13,0.034,2.522E-4,4.862E-6,3.816E-9,-3.123E-16,3.468E-12,4.154E-16,6.308,5.566,0.742,59.218
50,MAX_File_86_01-31-2019_CYM_1_4_Calb2_3B_YFP_Mid_GFP-g_Hu-b.lif - TileScan_001_Merging001_ProjMax001_AdjustClr001-watershed-lines.tif,40525.712,1375.000,329.545,674.702,1.000,1.094,0.914,1.405,0,1,326655,1364.146,1159.161,3745.015,5589.443,53.281,0.339,0.024,-1.476,-1.652,88.347,1.115E12,0.029,3.199E-5,6.942E-7,3.927E-7,1.559E-13,-1.822E-9,-1.332E-13,5.777,5.488,0.289,40.737
51,MAX_File_86_01-31-2019_CYM_1_4_Calb2_3B_YFP_Mid_GFP-g_Hu-b.lif - TileScan_001_Merging001_ProjMax001_AdjustClr001-watershed-lines.tif,39336.547,88.636,303.788,670.417,1.000,1.296,0.772,1.559,0,1,314160,99.251,1187.716,2475.636,5829.163,1083.558,-0.237,-0.107,-1.137,-1.346,73.564,5.009E12,0.026,1.615E-4,5.421E-7,3.155E-8,-1.792E-15,3.740E-10,3.716E-15,5.971,5.215,0.756,65.399
52,MAX_File_86_01-31-2019_CYM_1_4_Calb2_3B_YFP_Mid_GFP-g_Hu-b.lif - TileScan_001_Merging001_ProjMax001_AdjustClr001-watershed-lines.tif,19244.720,1264.394,335.606,483.236,1.000,1.217,0.822,1.479,0,1,222870,1264.368,1160.493,1516.125,2357.803,-228.540,0.046,0.013,-1.380,-1.252,-75.748,204448598920.485,0.017,1.847E-5,2.633E-7,3.895E-8,-1.751E-15,7.122E-11,-3.534E-15,5.118,4.754,0.364,42.487
53,MAX_File_86_01-31-2019_CYM_1_4_Calb2_3B_YFP_Mid_GFP-g_Hu-b.lif - TileScan_001_Merging001_ProjMax001_AdjustClr001-watershed-lines.tif,74343.434,754.545,213.636,925.430,1.000,1.045,0.957,1.444,0,1,525045,766.964,1289.221,8504.899,9013.038,-2327.674,-0.155,-0.128,-1.522,-1.529,-48.115,1.151E13,0.033,7.955E-5,2.036E-6,1.262E-8,-1.181E-16,-6.661E-11,-2.018E-15,6.082,5.687,0.395,40.151
54,MAX_File_86_01-31-2019_CYM_1_4_Calb2_3B_YFP_Mid_GFP-g_Hu-b.lif - TileScan_001_Merging001_ProjMax001_AdjustClr001-watershed-lines.tif,34435.262,949.242,251.515,635.093,1.000,1.042,0.960,1.423,0,1,314925,946.240,1238.575,4195.921,3726.038,1210.788,0.009,0.101,-1.601,-1.432,39.509,1.916E12,0.025,6.135E-5,2.694E-7,1.153E-7,-1.633E-14,-3.558E-10,1.210E-14,5.724,5.259,0.465,42.130
55,MAX_File_86_01-31-2019_CYM_1_4_Calb2_3B_YFP_Mid_GFP-g_Hu-b.lif - TileScan_001_Merging001_ProjMax001_AdjustClr001-watershed-lines.tif,23379.247,52.273,200.000,573.106,0.894,2.269,0.441,1.484,0,1,201705,67.068,1309.214,601.725,5657.728,956.694,-0.642,-0.246,-0.439,-1.343,79.636,5.895E12,0.031,7.183E-4,8.417E-6,2.901E-6,1.075E-11,4.114E-8,9.482E-12,6.534,4.648,1.886,66.152
56,MAX_File_86_01-31-2019_CYM_1_4_Calb2_3B_YFP_Mid_GFP-g_Hu-b.lif - TileScan_001_Merging001_ProjMax001_AdjustClr001-watershed-lines.tif,23246.097,421.970,210.606,532.824,1.000,1.470,0.680,1.334,0,1,243270,420.966,1276.469,2033.291,3659.561,399.049,0.101,0.116,-1.715,-1.383,76.930,798343008423.210,0.023,5.545E-5,8.351E-8,5.637E-8,1.104E-15,4.028E-10,3.707E-15,5.627,5.152,0.476,55.465
57,MAX_File_86_01-31-2019_CYM_1_4_Calb2_3B_YFP_Mid_GFP-g_Hu-b.lif - TileScan_001_Merging001_ProjMax001_AdjustClr001-watershed-lines.tif,33576.676,1124.242,220.455,619.117,1.000,1.379,0.725,1.659,0,1,346800,1123.873,1274.918,5183.680,2260.699,-760.326,0.065,-0.019,-1.400,-1.299,-13.743,3.765E12,0.021,9.027E-5,6.669E-8,5.474E-8,-1.600E-17,5.171E-10,-3.307E-15,5.633,4.947,0.686,63.348
58,MAX_File_86_01-31-2019_CYM_1_4_Calb2_3B_YFP_Mid_GFP-g_Hu-b.lif - TileScan_001_Merging001_ProjMax001_AdjustClr001-watershed-lines.tif,25833.333,318.939,191.667,566.741,1.000,1.301,0.769,1.373,0,1,285600,320.495,1300.851,2383.242,3591.206,190.567,-0.083,0.056,-1.601,-1.454,81.244,458227604252.524,0.021,1.967E-5,3.701E-7,3.408E-8,3.711E-15,7.724E-11,9.351E-16,5.344,5.034,0.311,43.533
59,MAX_File_86_01-31-2019_CYM_1_4_Calb2_3B_YFP_Mid_GFP-g_Hu-b.lif - TileScan_001_Merging001_ProjMax001_AdjustClr001-watershed-lines.tif,23243.802,1414.394,170.455,554.709,0.949,1.800,0.556,1.436,0,1,185895,1406.188,1318.998,941.297,4533.548,312.864,0.229,0.189,-0.944,-1.408,85.059,2.472E12,0.029,3.848E-4,1.315E-5,2.040E-6,-4.513E-12,-1.800E-8,9.554E-12,6.297,5.137,1.159,55.270
60,MAX_File_86_01-31-2019_CYM_1_4_Calb2_3B_YFP_Mid_GFP-g_Hu-b.lif - TileScan_001_Merging001_ProjMax001_AdjustClr001-watershed-lines.tif,44977.043,554.545,148.485,734.484,1.000,1.274,0.785,1.424,0,1,438855,553.379,1343.913,4290.508,6246.931,536.248,0.089,7.718E-4,-1.616,-1.561,75.634,2.185E12,0.024,2.585E-5,3.280E-7,7.239E-9,1.330E-16,-2.937E-11,-3.267E-16,5.543,5.233,0.310,38.953
61,MAX_File_86_01-31-2019_CYM_1_4_Calb2_3B_YFP_Mid_GFP-g_Hu-b.lif - TileScan_001_Merging001_ProjMax001_AdjustClr001-watershed-lines.tif,18537.649,1297.727,194.697,443.386,1.000,1.118,0.895,1.418,0,1,205785,1302.680,1299.873,2370.530,1740.248,-4.453,-0.287,-0.244,-1.415,-1.355,-0.405,81765537674.822,0.020,9.383E-6,2.534E-7,3.313E-7,3.534E-14,-1.447E-11,-8.926E-14,5.206,4.983,0.223,33.423
62,MAX_File_86_01-31-2019_CYM_1_4_Calb2_3B_YFP_Mid_GFP-g_Hu-b.lif - TileScan_001_Merging001_ProjMax001_AdjustClr001-watershed-lines.tif,7327.824,214.394,209.091,282.958,1.000,1.018,0.982,1.337,0,1,116790,213.540,1277.802,880.724,927.971,77.177,0.124,0.282,-1.511,-1.618,53.510,3043226132.270,0.015,1.910E-6,1.911E-7,4.483E-8,-2.725E-15,5.377E-11,3.129E-15,4.756,4.627,0.129,41.826
63,MAX_File_86_01-31-2019_CYM_1_4_Calb2_3B_YFP_Mid_GFP-g_Hu-b.lif - TileScan_001_Merging001_ProjMax001_AdjustClr001-watershed-lines.tif,14517.906,148.485,151.515,412.500,1.000,1.645,0.608,1.477,0,1,212160,146.287,1340.680,2345.154,1116.698,-165.803,0.047,0.087,-1.438,-1.561,-7.553,343501294889.336,0.016,3.597E-5,6.210E-8,3.647E-9,1.542E-17,-1.833E-11,5.266E-17,5.160,4.604,0.556,53.515
64,MAX_File_86_01-31-2019_CYM_1_4_Calb2_3B_YFP_Mid_GFP-g_Hu-b.lif - TileScan_001_Merging001_ProjMax001_AdjustClr001-watershed-lines.tif,34205.693,1175.000,109.091,624.075,1.000,1.490,0.671,1.428,0,1,325890,1168.910,1386.692,5947.224,2583.024,-101.210,0.257,-0.021,-1.485,-1.551,-1.722,3.702E12,0.026,1.070E-4,1.921E-7,6.460E-7,1.615E-13,6.265E-9,1.604E-13,5.871,5.268,0.603,45.472
65,MAX_File_86_01-31-2019_CYM_1_4_Calb2_3B_YFP_Mid_GFP-g_Hu-b.lif - TileScan_001_Merging001_ProjMax001_AdjustClr001-watershed-lines.tif,26060.606,996.970,110.606,532.646,1.000,1.535,0.652,1.639,0,1,304980,997.655,1374.372,4120.565,1679.731,-123.461,0.103,0.453,-1.442,-1.227,-2.888,1.836E12,0.019,6.471E-5,8.258E-7,2.784E-7,-1.333E-13,-2.181E-9,-6.539E-15,5.438,4.787,0.651,49.121
66,MAX_File_86_01-31-2019_CYM_1_4_Calb2_3B_YFP_Mid_GFP-g_Hu-b.lif - TileScan_001_Merging001_ProjMax001_AdjustClr001-watershed-lines.tif,121611.570,1103.030,82.576,1892.464,0.427,4.459,0.224,1.230,0,1,886380,1075.144,1393.382,38137.543,1905.076,-409.879,0.238,0.066,-0.927,-1.319,-0.648,1.164E15,0.045,0.002,4.450E-6,4.585E-6,2.071E-11,1.857E-7,-1.928E-13,7.107,4.944,2.163,81.118
67,MAX_File_86_01-31-2019_CYM_1_4_Calb2_3B_YFP_Mid_GFP-g_Hu-b.lif - TileScan_001_Merging001_ProjMax001_AdjustClr001-watershed-lines.tif,21074.380,240.152,81.818,496.981,1.000,1.271,0.787,1.276,0,1,182580,240.304,1398.914,2353.220,2607.453,-116.421,0.030,0.375,-1.700,-1.270,-68.757,21699569525.301,0.027,3.565E-6,1.628E-6,1.602E-6,-2.429E-12,2.370E-9,8.910E-13,5.541,5.441,0.100,40.263
68,MAX_File_86_01-31-2019_CYM_1_4_Calb2_3B_YFP_Mid_GFP-g_Hu-b.lif - TileScan_001_Merging001_ProjMax001_AdjustClr001-watershed-lines.tif,8882.002,937.121,118.939,317.394,1.000,1.377,0.726,1.704,0,1,122145,931.035,1369.537,1269.192,679.515,-288.992,0.147,0.007,-1.384,-1.417,-22.213,83276466252.300,0.016,4.570E-5,1.021E-6,8.040E-8,-2.235E-14,-3.003E-10,-5.545E-15,5.186,4.533,0.652,53.623
69,MAX_File_86_01-31-2019_CYM_1_4_Calb2_3B_YFP_Mid_GFP-g_Hu-b.lif - TileScan_001_Merging001_ProjMax001_AdjustClr001-watershed-lines.tif,22681.359,398.485,57.576,581.183,0.844,1.711,0.585,1.110,0,1,161160,398.576,1419.865,6304.231,1301.421,582.885,0.020,0.424,-1.786,-1.327,6.559,4.253E12,0.047,0.001,9.220E-6,2.136E-6,-4.442E-12,-4.695E-8,-8.373E-12,6.985,5.801,1.184,52.787
70,MAX_File_86_01-31-2019_CYM_1_4_Calb2_3B_YFP_Mid_GFP-g_Hu-b.lif - TileScan_001_Merging001_ProjMax001_AdjustClr001-watershed-lines.tif,10445.363,140.152,53.030,368.999,0.964,1.077,0.929,1.411,0,1,133620,141.363,1432.032,1181.611,973.740,204.383,0.088,0.125,-1.647,-1.158,31.523,28100279578.305,0.016,1.178E-5,1.807E-7,3.813E-9,9.493E-17,-7.165E-12,3.173E-17,4.970,4.658,0.312,57.556
71,MAX_File_86_01-31-2019_CYM_1_4_Calb2_3B_YFP_Mid_GFP-g_Hu-b.lif - TileScan_001_Merging001_ProjMax001_AdjustClr001-watershed-lines.tif,12920.110,65.152,50.758,417.483,0.932,1.254,0.798,1.230,0,1,99705,79.638,1421.412,1503.259,608.227,650.059,-0.480,0.940,-1.164,-0.168,27.728,248404173111.652,0.021,2.506E-4,5.257E-6,5.833E-7,-9.939E-13,-9.051E-9,2.349E-13,5.890,4.494,1.396,39.412
72,MAX_File_86_01-31-2019_CYM_1_4_Calb2_3B_YFP_Mid_GFP-g_Hu-b.lif - TileScan_001_Merging001_ProjMax001_AdjustClr001-watershed-lines.tif,9834.711,687.879,47.727,347.850,1.000,1.079,0.926,1.258,0,1,139740,685.382,1434.818,1499.832,814.544,146.224,0.284,0.360,-1.715,-1.241,11.555,77575950534.858,0.017,2.843E-5,6.700E-8,1.987E-7,7.330E-15,6.630E-10,-2.172E-14,5.133,4.651,0.482,33.352
73,MAX_File_86_01-31-2019_CYM_1_4_Calb2_3B_YFP_Mid_GFP-g_Hu-b.lif - TileScan_001_Merging001_ProjMax001_AdjustClr001-watershed-lines.tif,11377.410,569.697,31.818,436.033,0.752,2.810,0.356,1.353,0,1,137190,556.863,1448.406,3618.457,172.923,-281.973,0.364,0.626,-1.315,-0.385,-4.648,1.672E12,0.028,6.477E-4,3.554E-6,2.425E-6,7.032E-12,5.137E-8,-1.105E-12,6.410,4.110,2.301,70.867
