 ,Image,Area,X,Y,Perim.,Major,Minor,Angle,Circ.,Feret,FeretX,FeretY,FeretAngle,MinFeret,AR,Round,Solidity,Cutoff,Factor,Mass,xC,yC,xxVar,yyVar,xyVar,xSkew,ySkew,xKurt,yKurt,Orient.,Eccentr.,Hu0,Hu1,Hu2,Hu3,Hu4,Hu5,Hu6,Ext.,Disp.,Elong.,CutAngle
1,sub-131_sam-3_Image_em_pred.png,311542.000,7556.500,29482.250,1773.040,738.524,537.108,90,1.000,729.112,621,507,63.853,318.255,1.375,0.727,1.716,254,1,1220,7576.935,5734.961,13422.473,25797.969,-12263.057,-0.177,-0.150,-0.918,-1.002,-58.387,920713421875.583,32.148,507.043,1060.768,109.031,2786.261,-480.554,36974.620,8.424,7.172,1.252,65.161
2,sub-131_sam-3_Image_em_pred.png,666133.440,7193.550,28536.200,2864.252,1289.060,657.958,90,1.000,1177.559,595,607,75.964,429.453,1.959,0.510,1.585,254,1,2643,7180.822,6655.317,16426.395,89540.362,-21354.084,0.135,-0.014,-0.718,-1.162,-74.855,1.895E13,40.093,1026.368,3275.936,535.593,215937.923,-937.976,-675785.311,8.824,7.243,1.581,70.466
3,sub-131_sam-3_Image_em_pred.png,426246.100,7812.350,28381.500,2207.215,939.940,577.392,90,1.000,837.155,649,537,95.711,511.700,1.628,0.614,1.306,254,1,2313,7811.090,6794.522,17152.078,44237.783,2322.558,0.087,0.117,-0.999,-1.021,85.134,1.747E12,26.541,141.162,101.130,127.228,12362.727,1221.309,7445.260,7.915,7.220,0.695,51.615
4,sub-131_sam-3_Image_em_pred.png,577768.800,10793.300,28250.600,2476.481,913.084,805.663,90,1.000,817.903,914,617,81.634,689.995,1.133,0.882,1.391,254,1,2825,10845.064,6930.697,31318.135,38303.669,1427.503,-0.303,0.149,-0.829,-0.899,78.885,160880209748.647,24.645,7.136,652.961,112.432,-29660.889,-42.702,6945.408,7.423,7.266,0.157,31.125
5,sub-131_sam-3_Image_em_pred.png,502998.720,11590.600,28143.500,2325.019,993.651,644.530,90,1.000,954.748,960,555,112.730,459.004,1.542,0.649,1.531,254,1,2208,11574.372,7048.734,20415.696,47772.380,17925.272,0.084,-0.048,-0.934,-0.981,63.673,4.490E12,30.882,417.136,1391.551,131.491,10473.175,-195.445,55262.711,8.333,7.185,1.147,63.149
6,sub-131_sam-3_Image_em_pred.png,385179.200,8103.900,27780.550,2394.727,1141.356,429.687,90,0.844,1014.924,681,665,85.292,375.739,2.656,0.376,1.349,254,1,1999,8109.981,7389.659,9026.469,67144.316,-1653.809,-0.103,-0.034,-0.986,-1.059,-88.371,6.774E12,38.104,848.004,393.259,179.698,47453.739,1631.693,-5487.987,8.722,7.271,1.452,69.453
7,sub-131_sam-3_Image_em_pred.png,734106.240,10388.700,27530.650,2823.623,1087.645,859.374,90,1.000,1005.321,848,684,73.496,701.955,1.266,0.790,1.554,254,1,3099,10377.532,7714.362,28355.862,57717.564,-6146.366,0.151,-0.337,-0.695,-0.892,-78.641,3.140E12,27.775,105.502,5374.920,205.437,191777.612,1159.924,99113.970,7.901,7.341,0.560,46.652
8,sub-131_sam-3_Image_em_pred.png,350909.580,8544.200,27530.650,1967.523,792.235,563.964,90,1.000,704.617,716,614,94.844,499.800,1.405,0.712,1.305,254,1,1824,8525.169,7681.874,14549.732,29994.355,592.716,0.067,-0.145,-0.941,-0.987,87.805,437653566324.300,24.421,72.120,617.150,25.392,3178.452,213.562,32.494,7.692,7.169,0.524,45.908
9,sub-131_sam-3_Image_em_pred.png,118952.400,9829.400,27518.750,1097.482,469.970,322.265,90,1.000,424.748,823,662,78.690,265.528,1.458,0.686,1.395,254,1,563,9828.671,7661.856,4445.154,9553.685,-1338.706,0.011,0.008,-0.945,-0.967,-76.170,18728545114.099,24.865,104.949,1.476,0.201,0.017,0.999,0.108,7.785,7.153,0.632,49.771
10,sub-131_sam-3_Image_em_pred.png,763277.900,9406.950,26941.600,2986.139,1315.916,738.524,90,1.000,1170.079,790,644,94.667,624.063,1.782,0.561,1.442,254,1,3771,9427.585,8214.334,25199.604,89988.884,-2017.745,-0.209,0.195,-0.815,-0.985,-88.218,1.589E13,30.546,296.329,524.794,596.765,280637.820,8594.668,-181036.661,8.229,7.309,0.920,59.233
11,sub-131_sam-3_Image_em_pred.png,270616.710,6812.750,27197.450,1662.207,657.958,523.681,90,1.000,592.854,570,696,79.592,441.713,1.256,0.796,1.342,254,1,1401,6824.285,8004.109,12672.496,21098.953,-1905.629,-0.080,-0.048,-0.938,-0.939,-77.831,119828732506.040,24.105,43.576,311.729,1.548,-9.253,6.321,-32.726,7.592,7.187,0.405,41.110
12,sub-131_sam-3_Image_em_pred.png,316639.960,11108.650,27096.300,1782.898,698.241,577.392,90,1.000,622.906,925,654,96.582,504.874,1.209,0.827,1.430,254,1,1560,11096.102,8113.298,16772.649,21725.065,3588.418,0.204,-0.009,-0.984,-0.877,62.304,118612114843.454,24.678,31.243,393.854,49.185,2381.845,196.173,-6418.016,7.571,7.239,0.333,29.685
13,sub-131_sam-3_Image_em_pred.png,662734.800,7610.050,26489.400,3004.164,1396.482,604.247,90,0.923,1243.308,636,679,95.492,535.500,2.311,0.433,1.319,254,1,3418,7600.333,8658.197,17520.943,87911.072,3870.415,-0.036,0.133,-0.969,-0.914,86.862,1.714E13,30.846,429.240,675.281,221.439,85408.797,4561.830,6140.955,8.340,7.166,1.174,63.685
14,sub-131_sam-3_Image_em_pred.png,964080.880,12792.500,26525.100,3156.122,1235.350,993.651,90,1.000,1123.022,1057,683,105.362,858.286,1.243,0.804,1.362,254,1,4846,12774.999,8661.714,45123.557,69236.360,8488.264,0.102,0.007,-0.915,-0.894,72.426,4.214E12,23.599,37.031,241.241,2.354,52.749,9.108,19.088,7.543,7.163,0.381,39.811
15,sub-131_sam-3_Image_em_pred.png,318622.500,6443.850,26679.800,1780.011,671.386,604.247,90,1.000,614.321,532,739,68.405,479.631,1.111,0.900,1.368,254,1,1594,6436.459,8492.905,16531.513,20796.840,-3637.390,0.065,0.105,-0.924,-0.916,-60.192,113357999079.178,23.418,27.989,295.691,4.499,-154.886,-23.680,-54.222,7.495,7.163,0.332,36.632
16,sub-131_sam-3_Image_em_pred.png,182676.900,6961.500,26685.750,1374.915,577.392,402.831,90,1.000,516.657,585,693,97.943,355.228,1.433,0.698,1.324,254,1,958,6964.643,8499.519,7967.511,15857.933,1706.480,-0.093,-0.056,-0.977,-0.936,78.305,70802957919.751,24.870,80.529,24.162,21.855,-275.256,191.830,420.060,7.732,7.187,0.545,44.658
17,sub-131_sam-3_Image_em_pred.png,3908436.000,12030.900,25811.100,6878.660,2470.699,2014.157,90,1.000,2577.937,946,701,127.875,792.282,1.227,0.815,2.130,254,1,13587,12180.542,9239.790,196483.367,396405.411,80590.086,-0.242,0.330,-0.880,-1.206,70.562,8.960E14,43.636,357.235,34181.475,316.388,189963.160,5059.708,1022970.032,8.618,7.949,0.669,74.910
18,sub-131_sam-3_Image_em_pred.png,703518.480,8925.000,26251.400,2976.776,1235.350,725.096,90,0.998,1100.026,740,797,84.413,601.483,1.704,0.587,1.392,254,1,3263,8923.379,8972.835,23989.645,75598.495,-5013.114,-0.098,-0.205,-0.768,-0.973,-84.503,9.019E12,30.520,259.599,1468.056,535.530,345872.657,3531.105,325337.123,8.195,7.348,0.847,59.561
19,sub-131_sam-3_Image_em_pred.png,369602.100,8407.350,26382.300,1998.294,778.807,604.247,90,1.000,691.839,699,711,93.945,535.500,1.289,0.776,1.257,254,1,2053,8396.493,8812.767,19446.041,29360.472,901.161,0.128,0.015,-1.002,-1.010,84.848,208470467451.466,23.773,24.092,167.917,10.760,-457.153,45.604,14.045,7.494,7.191,0.302,35.770
20,sub-131_sam-3_Image_em_pred.png,841163.400,6925.800,25567.150,3108.027,1329.343,805.663,90,1.000,1231.003,562,759,106.858,609.712,1.650,0.606,1.424,254,1,4045,6938.781,9586.797,31295.000,85099.248,23032.346,-0.097,0.117,-0.927,-0.981,69.716,2.029E13,28.775,306.616,663.808,58.171,1061.879,-210.239,-11381.478,8.184,7.165,1.019,60.434
21,sub-131_sam-3_Image_em_pred.png,553128.660,6045.200,24757.950,2410.360,845.946,832.518,90,1.000,800.048,478,885,30.379,686.518,1.016,0.984,1.338,254,1,2869,6086.883,10432.482,33952.934,33409.196,-4595.115,-0.202,8.913E-4,-0.954,-0.914,-43.307,243164938728.554,23.479,10.297,848.031,2.257,8.867,-6.027,-98.356,7.390,7.191,0.198,27.165
22,sub-131_sam-3_Image_em_pred.png,293132.700,7235.200,24448.550,1944.919,926.512,402.831,90,0.974,848.579,600,937,75.379,296.110,2.300,0.435,1.569,254,1,1231,7248.333,10755.188,7814.266,40501.976,-10859.440,-0.127,-0.117,-0.992,-0.963,-73.199,1.896E12,39.250,1016.389,1099.799,339.865,196348.734,8167.451,67987.582,8.804,7.168,1.635,71.202
23,sub-131_sam-3_Image_em_pred.png,278688.480,15773.450,24430.700,1658.123,644.530,550.536,90,1.000,706.924,1308,928,53.902,274.927,1.171,0.854,1.897,254,1,1178,15791.532,10811.201,14905.120,23775.691,-6545.627,-0.144,-0.318,-0.980,-1.057,-62.061,294580097254.952,32.836,180.205,12389.979,851.591,-238212.009,7993.980,-2755911.793,8.183,7.557,0.626,68.504
24,sub-131_sam-3_Image_em_pred.png,474393.500,5878.600,24008.250,2254.815,899.657,671.386,90,1.000,814.520,483,906,101.802,595.000,1.340,0.746,1.289,254,1,2642,5863.565,11187.725,23443.324,42184.503,1042.023,0.085,0.005,-1.004,-0.978,86.827,939429282731.094,24.840,50.941,183.341,8.653,114.243,47.065,325.182,7.650,7.224,0.427,42.245
25,sub-131_sam-3_Image_em_pred.png,346944.500,16398.200,24020.150,1892.040,671.386,657.958,0,1.000,657.199,1365,915,121.675,488.045,1.020,0.980,1.349,254,1,1757,16389.060,11193.582,21367.292,20150.849,5471.659,0.104,-0.146,-0.970,-0.940,41.829,213011573463.455,23.630,39.272,479.979,6.927,-300.730,-30.905,262.884,7.553,7.161,0.392,40.341
26,sub-131_sam-3_Image_em_pred.png,291433.380,15749.650,24038.000,1764.378,657.958,563.964,0,1.000,676.628,1301,951,34.249,367.198,1.167,0.857,1.554,254,1,1398,15731.936,11129.981,20629.408,17373.850,-6544.923,0.144,0.030,-0.974,-1.100,-38.017,254355905357.886,27.184,93.094,1058.773,69.940,-8815.448,528.691,16867.370,7.854,7.319,0.535,60.976
27,sub-131_sam-3_Image_em_pred.png,193014.430,6836.550,23889.250,1446.315,631.102,389.404,90,1.000,563.839,570,973,82.725,345.100,1.621,0.617,1.316,254,1,992,6829.340,11296.855,6995.546,18031.470,-340.730,0.062,0.010,-0.960,-0.955,-88.233,121277948985.697,25.229,124.236,93.975,3.339,-21.591,-22.809,-55.060,7.836,7.152,0.685,51.498
28,sub-131_sam-3_Image_em_pred.png,231390.740,17266.900,23877.350,1586.228,577.392,510.253,90,1.000,531.385,1440,931,124.046,452.200,1.132,0.884,1.218,254,1,1302,17263.180,11316.900,13419.481,16426.271,1175.624,0.022,-0.058,-0.990,-0.994,70.988,18969037672.301,22.923,8.594,130.993,0.308,-0.740,-0.719,-1.809,7.344,7.158,0.186,29.220
29,sub-131_sam-3_Image_em_pred.png,874724.970,13060.250,23544.150,3244.351,1168.211,953.368,90,1.000,1214.791,1069,936,122.600,566.796,1.225,0.816,1.704,254,1,3371,13058.284,11699.149,46608.844,68556.663,34416.831,0.140,-0.189,-1.032,-0.851,53.843,1.760E13,34.164,459.340,7086.094,1057.188,2885829.752,22596.618,211317.216,8.448,7.385,1.063,66.708
30,sub-131_sam-3_Image_em_pred.png,364504.140,16987.250,23538.200,2344.240,1047.362,443.114,90,0.834,939.120,1420,940,98.746,350.188,2.364,0.423,1.463,254,1,1728,17004.384,11648.626,9465.230,72331.036,2083.267,0.023,-0.013,-1.056,-1.369,88.104,6.859E12,47.336,1329.367,861.465,204.243,-25241.250,5917.032,81869.637,9.040,7.567,1.473,72.766
31,sub-131_sam-3_Image_em_pred.png,226434.390,7276.850,23686.950,1585.032,550.536,523.681,0,1.000,516.657,601,985,61.074,425.084,1.051,0.951,1.307,254,1,1167,7263.431,11484.219,14460.963,13092.129,-2629.250,0.120,0.154,-0.936,-0.864,-37.705,34456287224.953,23.610,21.680,478.236,13.778,-211.146,-45.266,1098.319,7.473,7.184,0.288,33.746
32,sub-131_sam-3_Image_em_pred.png,576352.700,5706.050,23300.200,2498.590,993.651,738.524,90,1.000,923.688,462,963,111.938,645.465,1.345,0.743,1.345,254,1,3166,5684.911,11898.188,27810.561,55729.489,2340.626,0.107,-0.162,-1.070,-1.024,85.241,2.537E12,26.387,79.950,84.147,246.085,34588.628,1197.740,-7590.492,7.794,7.285,0.509,46.941
33,sub-131_sam-3_Image_em_pred.png,220061.940,6277.250,23478.700,1482.861,563.964,496.825,90,1.000,508.786,524,963,100.784,437.558,1.135,0.881,1.313,254,1,1145,6267.190,11719.520,11554.837,14582.807,604.402,0.065,-0.050,-0.922,-0.928,79.119,12171135531.682,22.828,8.108,112.297,0.589,2.333,1.470,-4.178,7.334,7.153,0.181,28.085
34,sub-131_sam-3_Image_em_pred.png,286760.250,17558.450,23365.650,1661.011,604.247,604.247,0,1.000,600.685,1454,982,146.310,387.070,1.000,1.000,1.500,254,1,1292,17573.629,11808.530,16912.740,15871.724,6850.373,-0.152,0.100,-0.938,-0.864,42.827,243922075884.420,25.375,113.100,826.685,36.667,-284.379,-32.316,-6377.631,7.822,7.177,0.644,49.990
35,sub-131_sam-3_Image_em_pred.png,176587.670,6907.950,23341.850,1395.828,577.392,389.404,90,1.000,522.788,575,1017,78.179,345.100,1.483,0.674,1.263,254,1,956,6901.851,11842.653,7569.743,15754.215,-833.415,0.075,0.035,-0.958,-0.956,-84.244,66694290372.928,24.397,76.333,107.793,0.566,4.146,4.153,-1.531,7.702,7.161,0.541,46.419
36,sub-131_sam-3_Image_em_pred.png,509796.000,16219.700,23216.900,2599.069,1208.494,537.108,0,0.948,1078.970,1318,1010,6.968,472.379,2.250,0.444,1.327,254,1,2581,16265.974,11966.921,70974.385,12524.094,-1441.501,-0.175,-0.010,-0.996,-0.954,-1.412,8.839E12,32.351,514.106,1507.678,440.899,356186.189,9862.196,48476.718,8.434,7.180,1.254,65.195
37,sub-131_sam-3_Image_em_pred.png,673497.160,7604.100,22955.100,2682.514,1101.072,778.807,0,1.000,980.433,598,1025,174.428,680.556,1.414,0.707,1.371,254,1,3432,7595.605,12256.958,55832.178,28812.682,-3956.851,-0.096,-0.069,-0.947,-0.923,-8.162,2.720E12,24.663,67.298,369.702,44.261,4787.467,241.431,3022.695,7.690,7.191,0.499,43.926
38,sub-131_sam-3_Image_em_pred.png,274440.180,13101.900,22913.450,1764.378,765.380,456.542,90,1.000,715.981,1091,1003,111.448,342.443,1.676,0.596,1.443,254,1,1375,13114.332,12251.647,10697.168,31261.673,5148.879,-0.089,0.086,-1.022,-1.074,76.700,727296213974.438,30.516,279.771,2755.523,133.962,-80554.841,-1564.667,-11633.810,8.213,7.325,0.888,62.486
39,sub-131_sam-3_Image_em_pred.png,664434.120,6366.500,22348.200,3023.386,1369.627,617.675,90,0.913,1234.679,530,1028,100.552,513.320,2.217,0.451,1.301,254,1,3379,6378.849,12822.099,17205.843,101182.648,11893.946,-0.189,0.145,-0.894,-1.077,82.092,2.574E13,35.037,667.210,1428.138,589.609,540831.899,14688.134,-15090.861,8.579,7.217,1.362,67.449
40,sub-131_sam-3_Image_em_pred.png,602692.160,6985.300,22276.800,2656.527,1020.506,751.952,90,1.000,930.105,577,1123,73.652,660.934,1.357,0.737,1.223,254,1,3390,6978.409,12893.032,28437.745,53455.514,-5503.487,0.045,0.084,-1.006,-1.036,-78.126,2.532E12,24.157,65.005,236.154,4.903,-32.780,0.476,163.574,7.661,7.161,0.501,44.842
41,sub-131_sam-3_Image_em_pred.png,548313.920,5854.800,22157.800,2617.590,1181.639,590.819,90,1.000,1091.951,480,1051,106.460,430.040,2.000,0.500,1.524,254,1,2471,5870.603,12983.240,16477.186,69700.759,15814.452,-0.120,0.170,-0.930,-1.023,74.639,9.472E12,34.876,627.782,2951.595,591.988,675283.418,13794.978,395393.729,8.557,7.252,1.305,67.881
42,sub-131_sam-3_Image_em_pred.png,1273073.900,14541.800,21437.850,4360.064,2081.295,778.807,90,0.842,1868.338,1216,1078,99.162,622.461,2.672,0.374,1.470,254,1,5762,14530.394,13780.615,29090.916,207042.163,38810.532,0.063,-0.096,-0.939,-0.928,78.217,2.172E14,40.981,1135.269,2505.677,335.968,73684.627,-1970.875,-299318.065,8.874,7.195,1.679,71.792
43,sub-131_sam-3_Image_em_pred.png,346802.890,16082.850,21842.450,2230.519,1060.789,416.259,90,0.876,961.620,1342,1082,102.144,315.625,2.548,0.392,1.450,254,1,1564,16072.852,13365.534,7610.545,58680.673,11051.871,0.146,-0.129,-0.883,-1.083,78.298,4.843E12,42.386,1265.990,1662.568,802.682,927047.031,28486.158,-20243.318,8.936,7.177,1.759,72.799
44,sub-131_sam-3_Image_em_pred.png,1404771.200,12852.000,21527.100,4210.788,1665.036,1074.217,90,0.996,1634.117,1054,1086,115.445,952.000,1.550,0.645,1.349,254,1,6995,12851.909,13709.422,65201.624,131201.830,33176.197,0.034,-0.032,-1.125,-0.891,67.424,6.127E13,28.078,179.004,543.329,27.438,-1597.551,-327.836,-2944.656,8.025,7.277,0.748,56.720
45,sub-131_sam-3_Image_em_pred.png,535569.020,10323.250,21860.300,2236.089,832.518,819.090,90,1.000,911.652,842,1089,125.972,353.412,1.016,0.984,1.992,254,1,1790,10331.966,13330.626,32456.286,31617.505,24392.220,-0.040,-0.084,-1.059,-0.896,44.507,4.261E12,35.795,742.993,1633.551,498.052,445792.687,13391.431,-55549.594,8.630,7.188,1.442,68.394
46,sub-131_sam-3_Image_em_pred.png,1215580.240,15660.400,21134.400,4423.587,1557.615,993.651,90,0.781,1396.920,1312,1123,98.820,790.300,1.568,0.638,1.488,254,1,5303,15672.918,13976.310,47265.307,116386.619,9545.018,-0.048,0.211,-0.808,-0.866,82.280,2.727E13,30.860,182.854,4378.381,215.943,-40744.854,802.062,205983.325,8.123,7.445,0.678,57.480
47,sub-131_sam-3_Image_em_pred.png,223035.750,12310.550,20914.250,1571.090,604.247,469.970,90,1.000,590.820,1022,1177,117.597,382.997,1.286,0.778,1.381,254,1,1075,12287.481,14300.817,10551.585,17583.244,5117.133,0.244,-0.227,-0.962,-0.962,62.246,165748261568.532,26.172,133.421,2196.594,169.667,101406.803,1809.371,-21100.705,7.889,7.205,0.684,51.475
48,sub-131_sam-3_Image_em_pred.png,407978.410,6896.050,20402.550,2095.186,899.657,577.392,90,1.000,844.145,565,1209,111.501,399.658,1.558,0.642,1.531,254,1,1802,6905.058,14767.365,15098.010,38410.798,12475.457,-0.090,0.089,-0.933,-0.976,66.528,2.101E12,29.694,359.089,775.264,47.906,-9132.030,-904.826,-1357.090,8.256,7.166,1.089,61.953
49,sub-131_sam-3_Image_em_pred.png,547181.040,16790.900,19902.750,2546.685,926.512,751.952,90,1.000,951.107,1391,1251,121.701,571.612,1.232,0.812,1.441,254,1,2455,16790.209,15287.436,28580.848,39211.916,16987.206,0.018,-0.050,-1.051,-0.992,53.688,3.111E12,27.614,210.266,233.076,1.787,33.123,22.367,-15.263,8.048,7.206,0.842,56.846
50,sub-131_sam-3_Image_em_pred.png,148690.500,16314.900,19974.150,1226.341,469.970,402.831,90,1.000,453.138,1362,1261,113.199,313.989,1.167,0.857,1.357,254,1,765,16316.681,15212.563,7863.171,11418.098,1991.845,0.109,-0.008,-0.952,-1.040,65.872,21808077447.325,25.204,48.712,417.361,65.984,-4261.191,-79.662,10086.897,7.660,7.250,0.410,47.734
51,sub-131_sam-3_Image_em_pred.png,331367.400,15880.550,19742.100,1924.007,805.663,523.681,90,1.000,734.048,1327,1269,106.966,401.178,1.538,0.650,1.387,254,1,1623,15891.533,15433.380,12343.312,32374.859,7519.189,-0.114,0.065,-0.913,-1.048,71.552,1.018E12,27.553,238.187,477.824,49.503,6929.862,663.361,3152.946,8.077,7.164,0.913,57.913
52,sub-131_sam-3_Image_em_pred.png,256738.930,15487.850,19010.250,1649.461,657.958,496.825,90,1.000,623.474,1290,1336,113.629,386.747,1.324,0.755,1.362,254,1,1258,15483.414,16190.319,10510.000,22162.955,5148.901,0.089,-0.074,-0.960,-1.058,69.266,304229787031.513,25.972,152.813,379.899,39.033,4350.159,445.828,1915.210,7.912,7.165,0.747,53.407
53,sub-131_sam-3_Image_em_pred.png,294548.800,7342.300,18195.100,1764.378,698.241,537.108,90,1.000,628.000,614,1402,99.819,476.000,1.300,0.769,1.277,254,1,1583,7351.700,17006.081,14025.376,23080.819,799.713,-0.057,-0.090,-0.952,-0.961,84.992,133857243123.332,23.440,33.744,285.215,4.493,104.864,11.419,-121.936,7.522,7.157,0.365,39.056
54,sub-131_sam-3_Image_em_pred.png,1030920.800,6735.400,17867.850,3917.517,1221.922,1074.217,90,0.844,1309.000,531,1411,126.870,612.013,1.137,0.879,1.754,254,1,3830,6751.920,17300.649,61434.048,74823.046,33907.861,0.047,0.021,-1.041,-1.085,50.584,1.830E13,35.576,325.739,2536.929,268.040,109528.339,-4049.408,191985.349,8.396,7.590,0.807,65.816
55,sub-131_sam-3_Image_em_pred.png,1161202.000,15362.900,17647.700,3383.563,1342.771,1101.072,90,1.000,1412.696,1258,1424,124.359,490.640,1.220,0.820,2.010,254,1,3963,15352.323,17557.973,57258.958,94125.327,52237.802,0.139,-0.050,-0.857,-1.099,54.718,4.864E13,38.199,781.534,517.175,151.412,-42213.387,-1172.862,-3638.276,8.699,7.354,1.346,70.654
56,sub-131_sam-3_Image_em_pred.png,938874.300,16231.600,17498.950,3028.955,1141.356,1047.362,90,1.000,1211.757,1333,1447,128.220,492.317,1.090,0.918,1.900,254,1,3351,16202.496,17712.319,50495.147,68867.494,37486.830,0.084,-0.121,-0.855,-1.117,51.885,1.997E13,35.620,530.634,3784.105,35.726,-2740.622,785.224,-12846.875,8.526,7.415,1.110,68.341
57,sub-131_sam-3_Image_em_pred.png,810575.640,14404.950,17052.700,3134.714,1450.193,711.669,90,1.000,1311.594,1196,1470,101.514,498.045,2.038,0.491,1.594,254,1,3817,14372.514,18174.959,24745.942,110402.579,8801.286,0.056,-0.101,-0.978,-1.086,84.194,2.919E13,35.407,524.858,5453.342,476.178,-592806.445,-5779.356,487220.254,8.517,7.406,1.111,68.792
58,sub-131_sam-3_Image_em_pred.png,176729.280,7687.400,17439.450,1271.548,523.681,429.687,90,1.000,501.638,638,1472,112.306,244.486,1.219,0.821,1.735,254,1,668,7683.427,17743.096,8082.487,12057.375,6251.758,-0.023,0.045,-0.900,-0.999,53.818,114987932203.979,30.149,385.765,293.465,56.878,7322.961,1113.503,-610.990,8.289,7.167,1.122,62.612
59,sub-131_sam-3_Image_em_pred.png,607506.900,8205.050,16564.800,2544.994,1047.362,738.524,90,1.000,1001.652,672,1526,113.824,446.631,1.418,0.705,1.608,254,1,2647,8170.505,18659.494,24356.923,59277.514,16858.178,0.139,-0.138,-0.842,-1.088,68.003,6.237E12,31.596,336.288,3094.174,61.100,-12392.520,567.116,23498.675,8.293,7.337,0.957,63.915
60,sub-131_sam-3_Image_em_pred.png,257730.200,14113.400,16594.550,1850.915,872.801,375.976,90,0.945,784.498,1182,1530,99.605,289.461,2.321,0.431,1.415,254,1,1222,14114.257,18590.751,5914.844,40007.533,3967.419,0.004,0.021,-0.879,-1.078,83.449,1.497E12,37.580,820.522,1891.835,206.796,-125961.802,-5129.269,29395.579,8.701,7.256,1.445,69.589
61,sub-131_sam-3_Image_em_pred.png,478641.800,9960.300,16546.950,2192.077,872.801,698.241,90,1.000,878.507,821,1534,118.301,445.972,1.250,0.800,1.608,254,1,2374,9920.374,18680.233,25440.777,41175.294,8081.612,0.213,-0.135,-1.026,-1.066,67.115,1.208E12,28.061,90.283,3879.612,20.191,5473.662,-163.445,-1405.296,7.883,7.374,0.509,60.855
62,sub-131_sam-3_Image_em_pred.png,74770.080,11626.300,16743.300,832.795,322.265,295.410,90,1.000,291.732,973,1538,101.768,244.023,1.091,0.917,1.421,254,1,345,11620.557,18434.083,3754.880,4146.462,-7.592,0.037,0.068,-0.836,-0.822,-88.890,52980733.901,22.902,1.290,78.940,1.684,-15.156,0.197,12.149,7.239,7.167,0.072,17.877
63,sub-131_sam-3_Image_em_pred.png,1205384.320,16100.700,16136.400,3526.363,1503.904,1020.506,90,1.000,1530.712,1320,1546,120.353,523.600,1.474,0.679,2.112,254,1,4200,16057.393,19038.620,56120.499,114026.447,39652.306,0.062,0.067,-1.101,-1.083,63.068,4.050E13,40.511,546.617,5597.596,1315.914,-2672078.003,11440.445,2369623.426,8.649,7.700,0.949,71.652
64,sub-131_sam-3_Image_em_pred.png,996651.180,12096.350,15981.700,3239.072,1369.627,926.512,90,1.000,1362.433,991,1563,117.013,422.814,1.478,0.676,2.122,254,1,3396,12147.734,19159.613,42594.776,93592.450,42212.554,-0.161,0.214,-0.938,-0.970,60.567,3.304E13,40.102,843.537,7109.359,279.241,-149064.934,-5702.569,-364112.798,8.763,7.441,1.322,74.112
65,sub-131_sam-3_Image_em_pred.png,626199.420,19462.450,16184.000,2551.964,899.657,886.229,0,1.000,992.563,1611,1564,127.694,555.362,1.015,0.985,1.484,254,1,2899,19444.356,19032.782,41518.818,36132.388,20438.791,0.097,-0.109,-1.036,-0.957,41.247,4.928E12,26.786,202.279,313.117,13.169,-760.843,-169.096,369.172,8.009,7.156,0.853,56.384
66,sub-131_sam-3_Image_em_pred.png,29454.880,14815.500,16475.550,529.870,214.843,174.560,0,1.000,193.718,1237,1573,10.620,154.700,1.231,0.813,1.355,254,1,141,14825.332,18711.822,1865.027,1398.165,20.678,-0.151,0.029,-0.803,-0.847,2.531,30973542.429,23.143,11.049,364.593,11.727,682.391,37.049,349.669,7.378,7.169,0.209,29.974
67,sub-131_sam-3_Image_em_pred.png,488554.500,7735.000,16070.950,2315.160,1007.078,617.675,90,1.000,940.778,637,1569,108.435,463.590,1.630,0.613,1.452,254,1,2314,7743.393,19098.137,18368.022,48575.054,12183.288,-0.042,0.051,-0.978,-0.999,70.554,3.485E12,28.930,281.290,450.439,13.120,-997.970,-49.691,145.757,8.166,7.210,0.955,60.565
68,sub-131_sam-3_Image_em_pred.png,681710.540,9877.000,15928.150,2637.802,1114.500,778.807,90,1.000,1050.238,811,1577,109.872,560.141,1.431,0.699,1.516,254,1,3578,9882.511,19229.642,32666.598,68446.785,5892.749,-0.024,-0.016,-1.051,-1.091,80.884,5.078E12,28.260,110.851,1793.516,200.259,61520.913,-1459.880,-103048.839,7.929,7.364,0.565,56.793
69,sub-131_sam-3_Image_em_pred.png,924430.080,14553.700,15827.000,4071.371,1289.060,913.084,90,0.701,1151.290,1235,1579,97.125,807.552,1.412,0.708,1.449,254,1,4052,14606.648,19324.516,44654.841,82547.216,4718.976,-0.493,0.108,-0.795,-0.899,83.007,6.179E12,31.392,92.876,1946.799,171.937,-6401.269,-1522.059,99269.351,8.010,7.552,0.458,44.594
70,sub-131_sam-3_Image_em_pred.png,551429.340,15475.950,15946.000,2312.768,886.229,792.235,90,1.000,927.437,1280,1584,123.486,434.298,1.119,0.894,1.717,254,1,2453,15438.547,19289.781,35729.177,42797.105,9691.192,0.316,-0.250,-1.007,-0.956,55.017,1.044E12,32.012,70.736,465.031,720.403,-416862.677,-5283.210,-9444.359,7.989,7.600,0.388,62.227
71,sub-131_sam-3_Image_em_pred.png,143734.150,12512.850,16070.950,1265.774,469.970,389.404,90,1.000,420.729,1042,1590,118.740,344.997,1.207,0.829,1.316,254,1,697,12499.789,19118.084,7493.620,9181.356,869.610,0.227,-0.127,-0.986,-0.938,67.070,4093717884.061,23.924,12.090,1767.527,5.726,91.908,12.889,568.708,7.428,7.216,0.211,30.229
72,sub-131_sam-3_Image_em_pred.png,40358.850,10632.650,16106.650,683.725,255.127,201.416,90,1.000,261.259,886,1594,120.069,174.572,1.267,0.789,1.341,254,1,182,10622.581,19088.515,2027.429,2947.685,1098.525,0.179,-0.176,-1.014,-0.839,56.363,1032649461.559,27.336,171.293,2291.281,328.289,254785.851,3993.295,-127089.994,7.989,7.236,0.752,53.457
73,sub-131_sam-3_Image_em_pred.png,1573995.150,9073.750,15475.950,4011.521,1571.042,1275.633,90,1.000,1538.095,744,1599,117.160,807.799,1.232,0.812,1.695,254,1,6237,9129.453,19656.792,85081.910,108339.747,41830.263,-0.103,0.201,-1.060,-0.757,52.768,4.703E13,31.012,193.830,6294.546,545.955,101560.371,6339.213,1006978.014,8.141,7.444,0.697,60.422
74,sub-131_sam-3_Image_em_pred.png,83833.120,10674.300,15761.550,1066.216,496.825,214.843,90,0.927,448.110,897,1614,100.713,190.400,2.312,0.432,1.345,254,1,403,10684.768,19443.375,1995.511,11543.315,895.430,-0.113,-0.156,-0.882,-0.905,84.688,38030202050.225,33.595,581.050,2759.890,430.899,345051.381,4246.504,-318982.836,8.502,7.200,1.302,66.009
75,sub-131_sam-3_Image_em_pred.png,118952.400,8353.800,15743.700,1073.682,402.831,375.976,90,1.000,372.719,697,1619,106.699,311.339,1.071,0.933,1.312,254,1,647,8347.905,19449.704,7176.582,8101.915,-335.921,-0.003,-0.007,-0.964,-0.961,-72.009,846026747.078,23.614,3.124,399.118,41.693,5337.366,45.347,662.487,7.317,7.209,0.108,26.067
76,sub-131_sam-3_Image_em_pred.png,747700.800,13899.200,15434.300,2701.035,1074.217,886.229,90,1.000,1082.573,1143,1621,123.341,488.990,1.212,0.825,1.749,254,1,3034,13891.085,19763.809,40207.605,60013.089,23315.943,0.122,-0.120,-0.968,-1.043,56.506,7.788E12,33.033,278.843,1273.172,773.755,628405.348,-9280.002,441471.084,8.288,7.484,0.803,64.568
77,sub-131_sam-3_Image_em_pred.png,186925.200,19414.850,15529.500,1387.661,537.108,443.114,90,1.000,477.337,1630,1632,94.289,392.700,1.212,0.825,1.339,254,1,937,19422.064,19655.136,8696.046,12999.015,13.887,-0.040,0.061,-0.928,-0.955,89.815,17349792621.282,23.154,21.090,116.537,1.159,13.433,4.953,1.006,7.446,7.156,0.290,35.106
78,sub-131_sam-3_Image_em_pred.png,267926.120,8062.250,15434.300,1638.407,590.819,577.392,90,1.000,534.838,656,1669,20.854,462.801,1.023,0.977,1.405,254,1,1390,8088.721,19757.613,16694.288,18470.567,-1024.963,-0.211,-0.177,-0.949,-0.973,-65.455,10226742093.265,25.298,3.808,367.773,205.153,-56113.003,-32.749,5181.400,7.420,7.308,0.112,24.028
79,sub-131_sam-3_Image_em_pred.png,452585.560,15493.800,15404.550,2206.019,913.084,631.102,0,1.000,878.507,1269,1646,155.171,388.010,1.447,0.691,1.619,254,1,2102,15499.637,19773.497,41486.328,21655.060,10075.920,-0.098,-0.095,-1.072,-1.042,22.730,1.680E12,30.039,180.920,1585.839,53.906,5413.918,-666.171,14802.064,8.094,7.399,0.695,65.403
80,sub-131_sam-3_Image_em_pred.png,193722.480,10840.900,15208.200,1384.774,510.253,483.398,90,1.000,474.212,903,1660,107.526,403.899,1.056,0.947,1.364,254,1,959,10838.921,19968.368,9894.865,12265.222,904.221,0.065,0.133,-0.916,-0.942,71.329,8524601412.176,23.107,9.665,623.517,2.315,-62.763,-6.065,-61.630,7.364,7.169,0.195,29.129
81,sub-131_sam-3_Image_em_pred.png,477933.750,20009.850,14928.550,2284.390,1007.078,604.247,0,1.000,930.105,1644,1691,163.652,461.360,1.667,0.600,1.461,254,1,2229,20021.008,20259.403,45658.287,17268.358,12432.008,-0.015,0.021,-0.959,-0.993,20.606,3.175E12,28.231,286.651,55.754,8.221,161.484,107.508,-69.986,8.149,7.149,0.999,59.974
82,sub-131_sam-3_Image_em_pred.png,765826.880,12268.900,14565.600,3085.423,1396.482,698.241,90,1.000,1267.504,1023,1681,102.470,539.715,2.000,0.500,1.427,254,1,3577,12263.951,20627.699,21834.135,94762.749,19572.508,0.081,-0.092,-0.933,-1.055,75.887,2.451E13,32.596,535.440,638.000,91.881,11770.733,440.370,-18876.650,8.452,7.172,1.280,65.668
83,sub-131_sam-3_Image_em_pred.png,463914.360,16195.900,14785.750,2123.564,845.946,698.241,90,1.000,868.048,1342,1684,123.254,354.383,1.212,0.825,1.906,254,1,1618,16170.526,20403.028,22085.576,33920.268,19912.930,0.207,-0.055,-0.914,-1.009,53.275,2.793E12,34.614,659.362,2229.833,415.620,306593.712,5158.568,257079.506,8.565,7.188,1.377,67.340
84,sub-131_sam-3_Image_em_pred.png,158886.420,15684.200,14916.650,1253.028,456.542,443.114,0,1.000,495.246,1301,1691,144.782,269.266,1.030,0.971,1.521,254,1,702,15685.437,20274.566,9435.807,9735.154,5360.425,-0.021,0.008,-0.975,-1.014,45.800,80748429673.081,27.309,233.412,143.403,20.570,1097.853,301.971,206.910,8.064,7.152,0.912,57.856
85,sub-131_sam-3_Image_em_pred.png,1184426.040,19301.800,14470.400,3586.214,1369.627,1101.072,0,1.000,1425.817,1572,1707,146.575,626.806,1.244,0.804,1.767,254,1,4583,19265.930,20731.040,116927.615,60268.697,35312.926,0.195,-0.238,-1.184,-0.925,25.631,3.757E13,38.664,390.320,1666.165,2502.224,3110217.081,-15969.338,-4053385.693,8.520,7.706,0.814,67.477
86,sub-131_sam-3_Image_em_pred.png,208166.700,20896.400,14666.750,1414.348,563.964,469.970,0,1.000,534.838,1735,1716,159.146,335.201,1.200,0.833,1.451,254,1,973,20888.567,20522.687,14486.081,10039.336,4800.000,0.050,-0.025,-0.906,-0.900,32.573,108911326313.593,25.206,118.232,90.194,3.129,-52.035,-32.600,-7.414,7.825,7.159,0.666,50.906
87,sub-131_sam-3_Image_em_pred.png,739204.200,14833.350,14434.700,2857.281,1168.211,805.663,0,1.000,1087.598,1203,1720,162.160,610.608,1.450,0.690,1.454,254,1,3400,14784.525,20760.289,64571.160,29280.696,17402.275,0.185,-0.087,-0.916,-0.870,22.301,8.353E12,27.603,212.524,1933.479,113.430,-34553.671,-1367.838,40345.840,8.050,7.202,0.848,56.299
88,sub-131_sam-3_Image_em_pred.png,193722.480,21574.700,14184.800,1370.832,510.253,483.398,0,1.000,484.551,1794,1757,155.323,361.827,1.056,0.947,1.371,254,1,959,21567.397,21006.919,11961.484,10456.489,2654.828,0.034,-0.048,-0.907,-0.910,37.087,29208694219.022,23.376,33.117,47.907,1.054,-1.685,-1.060,7.303,7.516,7.153,0.363,38.925
89,sub-131_sam-3_Image_em_pred.png,71654.660,22009.050,14268.100,813.078,308.837,295.410,0,1.000,280.093,1838,1756,167.735,244.023,1.045,0.957,1.368,254,1,348,22004.502,20925.090,4180.006,3744.624,52.962,0.055,-0.038,-0.865,-0.857,6.837,69870564.787,22.772,1.658,70.724,0.549,-1.612,0.218,3.018,7.240,7.158,0.082,19.069
90,sub-131_sam-3_Image_em_pred.png,95586.750,20997.550,14000.350,988.341,362.548,335.693,90,1.000,326.763,1761,1794,79.509,286.095,1.080,0.926,1.369,254,1,457,20987.603,21174.592,5070.906,5365.419,-87.324,0.088,0.051,-0.928,-0.888,-74.666,53578758.548,22.837,0.561,182.621,1.503,2.218,0.857,24.806,7.211,7.164,0.047,14.583
91,sub-131_sam-3_Image_em_pred.png,103092.080,14946.400,13934.900,992.424,375.976,349.121,0,1.000,336.583,1242,1780,171.870,286.095,1.077,0.929,1.377,254,1,502,14948.699,21240.030,6120.474,5482.124,542.739,-0.063,0.143,-0.900,-0.901,29.771,796046911.310,23.113,6.293,537.162,4.567,208.020,10.578,88.791,7.331,7.174,0.157,24.766
92,sub-131_sam-3_Image_em_pred.png,58626.540,19944.400,13833.750,789.278,308.837,241.699,90,1.000,280.093,1674,1783,102.265,214.200,1.278,0.783,1.316,254,1,291,19939.268,21360.398,2632.985,4204.858,184.031,-0.011,-0.103,-0.933,-0.927,83.411,758419406.078,23.498,30.777,286.419,6.129,78.584,10.304,-244.475,7.512,7.165,0.347,38.112
93,sub-131_sam-3_Image_em_pred.png,74911.690,21997.150,13702.850,822.937,308.837,308.837,0,1.000,282.860,1837,1804,165.379,235.608,1.000,1.000,1.413,254,1,355,22006.268,21487.394,4202.663,4061.823,155.795,-0.104,0.042,-0.820,-0.846,32.838,41508202.116,23.280,0.928,37.408,25.138,18.994,-19.761,770.609,7.251,7.191,0.060,21.894
94,sub-131_sam-3_Image_em_pred.png,324003.680,21693.700,13566.000,1810.782,698.241,590.819,0,1.000,719.532,1798,1801,145.784,376.339,1.182,0.846,1.596,254,1,1533,21703.741,21609.333,28222.405,17425.597,6726.869,0.049,0.128,-1.136,-0.975,25.626,456181160548.075,29.777,126.622,2054.933,222.907,85529.976,-326.387,-124275.856,8.010,7.436,0.574,61.141
95,sub-131_sam-3_Image_em_pred.png,863396.170,22687.350,13262.550,2972.693,1221.922,899.657,0,1.000,1182.419,1862,1818,151.113,504.398,1.358,0.736,1.704,254,1,3853,22674.264,21942.209,75803.643,44199.836,25022.303,0.092,0.024,-1.032,-1.028,28.864,1.350E13,31.145,235.980,2046.138,61.726,16508.884,-934.675,14445.698,8.191,7.411,0.780,65.225
96,sub-131_sam-3_Image_em_pred.png,781687.200,20735.750,13042.400,2849.114,1074.217,926.512,90,1.000,1123.400,1714,1822,126.384,523.880,1.159,0.863,1.642,254,1,3242,20745.000,22156.189,37955.551,60335.428,30147.521,-0.074,0.008,-0.879,-1.081,55.182,1.341E13,30.318,393.542,732.208,131.102,34146.240,1808.752,21998.550,8.300,7.170,1.129,62.791
97,sub-131_sam-3_Image_em_pred.png,144442.200,21901.950,13220.900,1444.624,684.813,268.554,0,0.870,616.278,1815,1841,169.992,216.817,2.550,0.392,1.346,254,1,675,21885.872,21980.349,25470.874,3358.676,3199.000,0.121,-0.320,-1.157,-0.685,8.069,357671501210.331,42.710,1162.982,1667.341,620.047,496152.144,14515.482,388969.917,8.915,7.336,1.579,72.861
98,sub-131_sam-3_Image_em_pred.png,261695.280,13363.700,12863.900,1537.927,590.819,563.964,0,1.000,604.211,1102,1861,147.875,286.095,1.048,0.955,1.751,254,1,1024,13360.109,22338.392,17090.662,14496.544,10450.765,0.034,-0.030,-0.970,-0.911,41.463,454249881305.898,30.847,423.053,146.123,11.709,177.853,77.174,-450.520,8.336,7.174,1.161,62.534
99,sub-131_sam-3_Image_em_pred.png,198820.440,23377.550,12828.200,1415.544,523.681,483.398,0,1.000,497.243,1945,1876,158.962,372.269,1.083,0.923,1.389,254,1,1002,23385.519,22349.958,14458.304,11079.024,3378.768,-0.124,0.018,-1.020,-0.897,31.716,57197998262.201,25.486,56.856,205.105,50.961,2184.534,-280.650,4729.934,7.697,7.257,0.440,41.410
100,sub-131_sam-3_Image_em_pred.png,285485.760,22407.700,12780.600,1740.578,644.530,563.964,0,1.000,586.007,1859,1881,167.093,498.074,1.143,0.875,1.292,254,1,1514,22420.158,22430.109,20888.987,14936.563,-1924.194,-0.097,-0.129,-0.960,-0.888,-16.442,76065537788.540,23.663,21.918,430.866,4.945,149.183,19.650,-172.778,7.476,7.187,0.289,33.706
101,sub-131_sam-3_Image_em_pred.png,168232.680,22943.200,12655.650,1286.686,483.398,443.114,0,1.000,455.476,1910,1882,160.145,345.920,1.091,0.917,1.413,254,1,870,22929.864,22540.542,12665.277,9663.389,3470.119,0.201,-0.032,-0.981,-0.955,33.305,49745056286.685,25.665,75.543,279.038,111.861,19577.980,657.709,2695.948,7.754,7.245,0.509,36.705
102,sub-131_sam-3_Image_em_pred.png,162568.280,21949.550,12578.300,1258.803,550.536,375.976,0,1.000,523.735,1824,1893,158.682,223.517,1.464,0.683,1.733,254,1,664,21968.923,22598.996,15615.727,6570.839,4121.853,-0.022,0.099,-1.048,-0.986,21.173,99446407382.789,33.414,339.692,3919.160,241.964,178389.363,-3986.244,153936.504,8.348,7.452,0.895,65.426
103,sub-131_sam-3_Image_em_pred.png,492802.800,13863.500,12328.400,2174.052,805.663,778.807,90,1.000,861.826,1144,1892,125.446,403.764,1.034,0.967,1.726,254,1,1951,13850.469,22876.933,27251.840,32937.049,20063.637,0.087,-0.106,-0.903,-1.030,49.032,3.205E12,30.850,431.515,419.404,48.653,3265.159,184.810,-6135.124,8.341,7.163,1.178,63.278
104,sub-131_sam-3_Image_em_pred.png,476376.040,23359.700,12292.700,2119.481,778.807,778.807,0,1.000,761.693,1951,1895,118.968,471.216,1.000,1.000,1.524,254,1,2388,23337.340,22910.615,32658.541,32040.829,8314.568,0.024,-0.089,-1.032,-0.982,43.936,661260498546.649,27.094,48.559,1938.424,108.870,2104.034,-425.446,-49969.236,7.742,7.362,0.380,51.577
105,sub-131_sam-3_Image_em_pred.png,831817.140,14851.200,12072.550,2887.351,1195.066,886.229,90,1.000,1156.322,1232,1898,113.663,531.375,1.348,0.742,1.707,254,1,3384,14851.256,23121.943,36703.016,68844.664,26742.202,-0.005,0.026,-0.968,-0.957,60.502,1.318E13,31.190,340.015,629.144,133.436,-28341.592,454.199,26296.215,8.285,7.304,0.980,63.346
106,sub-131_sam-3_Image_em_pred.png,573520.500,21092.750,12209.400,2789.964,1087.645,671.386,0,0.926,1008.766,1732,1924,162.848,554.156,1.620,0.617,1.243,254,1,2738,21094.154,22957.377,70163.302,18330.179,7587.135,-0.025,0.059,-1.234,-0.878,8.159,7.987E12,32.320,389.098,4146.996,480.419,-562519.604,-8426.455,-378679.069,8.353,7.330,1.023,60.524
107,sub-131_sam-3_Image_em_pred.png,1103141.900,26364.450,11971.400,3347.018,1275.633,1101.072,0,1.000,1251.312,2173,1924,147.821,732.068,1.159,0.863,1.489,254,1,5079,26378.756,23216.894,72547.127,58983.639,30961.818,-0.040,0.019,-0.913,-0.987,38.823,2.041E13,25.897,155.779,152.729,8.009,138.953,40.040,-243.238,7.914,7.156,0.758,53.750
108,sub-131_sam-3_Image_em_pred.png,706917.120,22336.300,11923.800,2626.747,1047.362,859.374,90,1.000,1079.757,1854,1917,121.938,471.216,1.219,0.821,1.829,254,1,2863,22356.266,23220.306,41316.412,54326.264,20380.306,-0.007,0.233,-1.114,-0.955,53.851,5.241E12,33.406,223.342,7150.917,489.653,-874610.535,2621.684,273074.945,8.247,7.552,0.695,66.701
109,sub-131_sam-3_Image_em_pred.png,382771.830,22877.750,12060.650,1924.502,711.669,684.813,90,1.000,752.622,1903,1918,124.695,387.070,1.039,0.962,1.582,254,1,1843,22894.389,23105.316,26484.810,27743.346,5881.202,-0.122,0.137,-1.049,-1.057,48.054,257905839852.781,29.424,41.199,864.205,17.506,-1384.277,-87.189,-1649.173,7.815,7.495,0.320,59.531
110,sub-131_sam-3_Image_em_pred.png,837339.930,13095.950,11917.850,2800.814,1087.645,980.223,0,1.000,1159.258,1062,1927,144.189,435.824,1.110,0.901,1.992,254,1,2871,13100.762,23260.888,54748.838,48764.013,38359.585,-0.003,0.103,-0.918,-1.017,42.770,1.700E13,36.055,718.416,43.446,82.579,3916.261,694.586,-3021.367,8.626,7.243,1.382,69.171
111,sub-131_sam-3_Image_em_pred.png,311542.000,20979.700,11543.000,1693.473,671.386,590.819,0,1.000,683.707,1738,1972,148.523,302.925,1.136,0.880,1.766,254,1,1189,20984.709,23637.839,19908.361,16959.593,12378.556,-0.104,0.094,-0.929,-1.009,41.604,739094036541.013,31.008,439.698,354.956,33.672,-1052.471,-356.553,3527.635,8.351,7.165,1.186,63.907
112,sub-131_sam-3_Image_em_pred.png,476234.430,14285.950,11441.850,2182.219,792.235,765.380,0,1.000,849.663,1172,1974,142.970,454.387,1.035,0.966,1.579,254,1,2054,14318.342,23724.208,29756.733,27707.422,16350.355,-0.186,0.172,-0.969,-0.971,43.207,2.205E12,27.977,254.458,1101.810,67.685,-2972.750,-426.958,18243.286,8.109,7.174,0.935,58.441
113,sub-131_sam-3_Image_em_pred.png,137078.480,11757.200,11305.000,1291.966,590.819,295.410,90,1.000,528.446,985,2029,82.235,261.800,2.000,0.500,1.246,254,1,744,11756.560,23882.308,4329.735,16512.570,-957.073,-0.002,0.022,-0.997,-1.003,-85.535,113151548709.472,28.014,274.753,19.457,2.949,20.705,40.192,8.373,8.130,7.149,0.981,59.536
114,sub-131_sam-3_Image_em_pred.png,762145.020,13357.750,11067.000,2738.776,1047.362,926.512,90,1.000,1133.002,1094,1989,126.027,479.631,1.130,0.885,1.819,254,1,2884,13370.199,24087.923,41463.784,52487.378,32129.980,-0.105,0.105,-0.992,-0.955,49.867,1.226E13,32.577,511.077,893.839,65.511,13372.173,879.921,-8514.338,8.438,7.203,1.234,65.991
115,sub-131_sam-3_Image_em_pred.png,328251.980,14898.800,11168.150,1868.240,819.090,510.253,90,1.000,784.498,1240,1988,112.286,367.207,1.605,0.623,1.583,254,1,1390,14891.086,24028.968,12414.762,30539.751,11379.907,0.061,-0.053,-1.041,-0.958,64.266,1.177E12,30.903,438.137,193.392,12.752,-352.624,-191.490,-526.012,8.347,7.158,1.189,63.967
116,sub-131_sam-3_Image_em_pred.png,672930.720,12471.200,10948.000,2752.223,1181.639,725.096,90,1.000,1098.480,1028,1994,112.954,455.336,1.630,0.614,1.665,254,1,2948,12439.052,24291.343,26606.843,75819.098,19218.219,0.100,-0.147,-0.925,-1.033,71.004,1.149E13,34.744,448.664,4828.178,363.642,-100217.305,3181.952,471302.304,8.457,7.435,1.022,68.966
117,sub-131_sam-3_Image_em_pred.png,408969.680,11245.500,10983.700,2232.211,1020.506,510.253,90,1.000,932.234,939,2072,75.964,404.596,2.000,0.500,1.454,254,1,1930,11236.048,24210.599,12160.031,53352.482,-9016.936,-0.010,0.069,-0.951,-1.019,-78.178,3.903E12,33.944,542.844,4612.739,432.111,-602456.729,-10065.219,96016.256,8.491,7.277,1.213,65.218
118,sub-131_sam-3_Image_em_pred.png,533869.700,24395.000,11001.550,2390.644,872.801,778.807,90,1.000,784.498,2030,2000,99.605,690.200,1.121,0.892,1.352,254,1,2690,24346.750,24166.582,28641.884,35535.815,-1250.360,0.272,0.144,-0.904,-0.926,-80.031,144667885406.587,23.858,7.432,2445.077,16.195,1813.646,20.382,-2664.018,7.384,7.218,0.166,26.924
119,sub-131_sam-3_Image_em_pred.png,368186.000,25555.250,11126.500,2034.840,872.801,537.108,0,1.000,775.785,2115,2019,4.399,476.000,1.625,0.615,1.419,254,1,1692,25527.399,24022.773,34642.218,12405.168,-4125.188,0.281,0.326,-0.887,-0.746,-10.178,951843253826.704,27.806,196.501,3506.077,398.639,469219.147,5582.761,-44039.993,8.038,7.237,0.800,54.945
120,sub-131_sam-3_Image_em_pred.png,220911.600,23187.150,11007.500,1461.948,537.108,523.681,90,1.000,551.267,1936,2013,122.661,328.168,1.026,0.975,1.463,254,1,1025,23195.683,24172.540,12781.643,13602.623,6239.640,-0.076,0.066,-0.946,-0.953,46.882,160316610125.113,25.741,148.870,165.825,8.754,-16.187,-18.133,-333.148,7.897,7.154,0.743,53.295
121,sub-131_sam-3_Image_em_pred.png,394242.240,21884.100,10852.800,1986.044,778.807,644.530,0,1.000,800.048,1810,2027,149.621,403.899,1.208,0.828,1.539,254,1,1749,21873.163,24338.436,28444.405,20795.116,14163.052,0.049,-0.043,-0.945,-1.023,37.444,1.506E12,28.153,281.425,64.696,5.834,20.904,-13.860,111.409,8.141,7.150,0.991,59.772
122,sub-131_sam-3_Image_em_pred.png,74770.080,12149.900,10906.350,966.933,443.114,214.843,90,1.000,395.574,1018,2057,83.089,190.400,2.062,0.485,1.259,254,1,396,12151.403,24290.695,2260.284,9406.036,-530.051,0.031,-0.102,-1.000,-0.996,-85.781,20665494878.934,29.460,332.782,243.523,113.376,18355.988,2058.201,-4236.989,8.227,7.183,1.044,60.561
123,sub-131_sam-3_Image_em_pred.png,736372.000,15547.350,10626.700,2684.206,1074.217,872.801,90,1.000,1132.065,1280,2024,123.857,437.558,1.231,0.813,2.088,254,1,2359,15562.317,24601.378,34742.251,52415.909,32782.902,-0.059,-0.174,-0.960,-0.929,52.543,1.088E13,36.947,828.631,3049.906,1390.515,2863522.549,39978.052,-15073.257,8.690,7.185,1.505,69.357
124,sub-131_sam-3_Image_em_pred.png,317206.400,9984.100,10721.900,1873.519,751.952,537.108,90,1.000,676.942,837,2028,100.125,474.598,1.400,0.714,1.270,254,1,1705,9991.146,24490.448,13458.560,28023.789,-292.752,-0.045,-0.130,-0.983,-0.994,-88.849,362293277659.955,24.330,73.095,502.767,20.285,1976.911,163.995,-537.240,7.691,7.161,0.530,46.137
125,sub-131_sam-3_Image_em_pred.png,1171397.920,21146.300,10519.600,3812.954,1262.205,1181.639,0,1.000,1426.264,1730,2032,139.399,400.600,1.068,0.936,2.400,254,1,3264,21169.247,24651.740,98807.389,78716.754,48972.048,-0.037,-0.022,-1.205,-1.182,39.204,3.263E13,54.389,938.330,32271.849,3476.277,10087971.098,-92493.060,35411057.190,9.061,8.141,0.920,75.436
126,sub-131_sam-3_Image_em_pred.png,182252.070,27090.350,10846.850,1344.144,523.681,443.114,0,1.000,464.710,2257,2045,177.064,378.656,1.182,0.846,1.350,254,1,910,27079.627,24341.633,12104.247,8969.948,1375.580,0.107,-0.025,-0.946,-0.943,20.638,15827365409.190,23.158,21.003,254.656,3.456,0.500,-2.835,102.547,7.445,7.156,0.289,35.067
127,sub-131_sam-3_Image_em_pred.png,135945.600,10436.300,10638.600,1178.741,429.687,402.831,0,1.000,411.024,861,2055,157.891,336.583,1.067,0.938,1.296,254,1,711,10423.421,24554.378,8877.202,7506.700,1061.327,0.132,-0.014,-0.942,-0.943,28.576,4538981358.409,23.043,12.628,412.573,2.657,-76.066,-8.905,44.211,7.385,7.160,0.224,31.105
128,sub-131_sam-3_Image_em_pred.png,336890.190,14357.350,10406.550,1885.069,819.090,523.681,90,1.000,771.667,1193,2052,109.832,355.774,1.564,0.639,1.571,254,1,1451,14362.263,24773.114,12775.713,31068.983,11176.913,-0.050,0.031,-0.951,-0.996,64.648,1.211E12,30.217,396.284,481.511,42.929,439.705,-156.342,6156.413,8.299,7.158,1.141,63.011
129,sub-131_sam-3_Image_em_pred.png,715980.160,13423.200,10132.850,2692.372,1060.789,859.374,90,1.000,1096.157,1101,2067,122.137,495.269,1.234,0.810,1.799,254,1,2611,13479.330,25041.690,34301.256,55947.949,28527.090,-0.342,0.089,-0.755,-1.006,55.389,9.723E12,34.565,546.220,4916.127,1066.580,1110946.363,5724.886,2175016.651,8.508,7.322,1.186,65.615
130,sub-131_sam-3_Image_em_pred.png,938874.300,22877.750,10138.800,3056.839,1141.356,1047.362,0,1.000,1256.676,1881,2072,142.696,546.947,1.090,0.918,1.780,254,1,3602,22899.105,25050.105,61712.709,53351.163,39864.732,-0.146,0.082,-1.003,-0.969,42.007,2.315E13,31.944,495.337,962.363,169.702,60196.579,2515.318,32857.535,8.412,7.170,1.242,64.982
131,sub-131_sam-3_Image_em_pred.png,346944.500,11394.250,10174.500,2097.578,939.940,469.970,90,0.991,849.497,952,2067,101.310,416.500,2.000,0.500,1.236,254,1,1944,11398.462,25008.799,11725.112,44629.050,5055.793,-0.038,0.032,-1.043,-1.015,81.459,2.303E12,28.989,313.541,54.611,6.530,34.248,32.538,-118.458,8.197,7.172,1.025,60.207
132,sub-131_sam-3_Image_em_pred.png,599435.130,12381.950,10049.550,2617.590,1114.500,684.813,90,1.000,1042.388,1024,2071,108.642,577.947,1.627,0.614,1.365,254,1,3394,12382.353,25137.025,26897.184,67756.700,5256.371,0.055,-0.082,-1.101,-1.038,82.786,6.041E12,27.889,154.526,233.467,171.148,32236.077,599.455,11456.742,7.985,7.293,0.692,58.005
133,sub-131_sam-3_Image_em_pred.png,168374.290,10347.050,10204.250,1331.399,550.536,389.404,90,1.000,515.560,862,2120,71.147,326.138,1.414,0.707,1.336,254,1,853,10346.018,24988.598,7236.152,14162.894,-3117.531,-0.020,-0.031,-0.991,-0.973,-69.004,74087973865.268,25.087,119.371,23.819,1.460,4.854,5.386,7.108,7.822,7.149,0.673,51.138
134,sub-131_sam-3_Image_em_pred.png,277555.600,12828.200,10120.950,1713.890,657.958,537.108,90,1.000,623.474,1067,2083,113.629,436.391,1.225,0.816,1.307,254,1,1551,12817.217,25073.519,15270.739,23253.734,2221.027,-0.045,-0.014,-1.052,-1.075,75.453,129446540284.627,24.838,34.694,431.320,49.214,5995.655,-104.813,3932.364,7.593,7.244,0.349,47.450
135,sub-131_sam-3_Image_em_pred.png,272457.640,9906.750,10019.800,1741.774,698.241,496.825,90,1.000,632.494,825,2089,101.944,430.040,1.405,0.712,1.275,254,1,1477,9921.695,25146.726,11692.294,25300.964,2038.497,-0.002,0.147,-0.990,-1.008,81.661,298084847480.495,25.046,92.512,434.784,47.902,6912.920,442.688,13.890,7.767,7.183,0.584,47.460
136,sub-131_sam-3_Image_em_pred.png,524665.050,24151.050,9990.050,2345.931,872.801,765.380,0,1.000,881.323,1999,2095,145.452,524.489,1.140,0.877,1.411,254,1,2541,24135.881,25208.202,37570.190,27746.526,14597.462,0.067,-0.072,-1.027,-0.937,35.701,2.411E12,25.705,146.956,148.652,5.220,-145.426,-63.071,-0.048,7.893,7.154,0.739,53.236
137,sub-131_sam-3_Image_em_pred.png,452019.120,25495.750,9865.100,2183.415,765.380,751.952,0,1.000,746.956,2115,2113,149.349,597.435,1.018,0.982,1.328,254,1,2296,25471.012,25343.958,29290.001,25488.315,6534.427,0.140,-0.171,-1.006,-0.939,36.890,425328889771.525,23.858,35.141,863.621,8.105,83.051,-2.382,673.028,7.548,7.182,0.366,39.109
138,sub-131_sam-3_Image_em_pred.png,685109.180,14178.850,9698.500,2700.539,1101.072,792.235,90,1.000,1050.036,1172,2101,113.369,557.532,1.390,0.720,1.544,254,1,3220,14136.723,25537.629,33945.141,66406.902,10140.199,0.243,-0.325,-1.017,-0.902,74.003,4.717E12,31.165,141.301,660.343,1368.911,960196.376,2109.900,-878606.305,8.080,7.500,0.580,58.159
139,sub-131_sam-3_Image_em_pred.png,444088.960,21955.500,9894.850,2490.423,859.374,657.958,0,0.900,764.940,1813,2127,5.356,555.414,1.306,0.766,1.463,254,1,1964,21976.252,25271.443,38155.832,19089.618,2354.577,-0.387,0.036,-0.843,-0.802,6.937,757508195426.825,29.147,99.991,3773.392,1074.253,1949837.903,8905.766,-935969.725,7.942,7.426,0.516,43.344
140,sub-131_sam-3_Image_em_pred.png,719945.240,11007.500,9627.100,2771.939,1101.072,832.518,90,1.000,1035.026,913,2107,109.477,675.920,1.323,0.756,1.411,254,1,3810,11008.190,25582.904,37730.765,64093.813,3358.477,0.119,-0.144,-1.081,-0.996,82.853,2.820E12,26.726,50.987,359.224,314.266,97098.966,-110.961,-41488.913,7.733,7.338,0.395,48.969
141,sub-131_sam-3_Image_em_pred.png,283220.000,14910.700,9841.300,1661.011,671.386,537.108,0,1.000,650.049,1228,2118,156.251,365.309,1.250,0.800,1.525,254,1,1278,14899.470,25349.300,21342.715,13586.777,8773.624,0.073,-0.029,-0.921,-0.949,33.077,470381317941.234,27.331,225.350,291.330,70.604,10120.969,1057.412,319.330,8.056,7.165,0.891,55.876
142,sub-131_sam-3_Image_em_pred.png,324994.950,15844.850,9680.650,1713.190,684.813,604.247,90,1.000,703.007,1316,2119,123.959,272.731,1.133,0.882,2.003,254,1,1388,15798.356,25553.578,18239.838,23635.566,6172.699,0.312,-0.277,-0.974,-1.029,56.804,251953526350.219,30.170,94.222,8866.979,3.559,618.026,23.152,-133.540,7.969,7.488,0.481,68.580
143,sub-131_sam-3_Image_em_pred.png,355157.880,10222.100,9525.950,1925.698,765.380,590.819,90,1.000,690.815,859,2128,100.923,521.096,1.295,0.772,1.325,254,1,1909,10230.556,25660.648,17751.570,29392.566,3071.171,-0.155,-0.054,-0.976,-0.966,76.091,330717334613.051,24.696,47.538,58.168,52.292,-1821.910,282.495,-2235.605,7.633,7.219,0.414,39.038
144,sub-131_sam-3_Image_em_pred.png,660185.820,26429.900,9395.050,2591.398,993.651,845.946,0,1.000,976.960,2186,2142,145.923,562.567,1.175,0.851,1.502,254,1,3014,26433.130,25775.637,48453.243,32046.254,19524.477,-0.071,0.083,-1.008,-0.931,33.605,5.407E12,26.709,197.487,328.680,33.838,3398.916,436.859,1087.336,8.001,7.157,0.844,56.129
145,sub-131_sam-3_Image_em_pred.png,555111.200,13667.150,9234.400,2463.735,1074.217,657.958,90,1.000,1008.626,1130,2141,109.290,455.336,1.633,0.613,1.614,254,1,2802,13670.322,25956.707,24964.390,67403.761,2013.130,-0.020,-0.038,-1.068,-1.143,87.290,5.092E12,32.965,231.469,416.750,131.764,29895.602,848.902,-7722.193,8.242,7.522,0.720,63.922
146,sub-131_sam-3_Image_em_pred.png,173472.250,15309.350,9478.350,1296.544,469.970,469.970,0,1.000,475.554,1277,2144,121.701,311.339,1.000,1.000,1.447,254,1,813,15310.667,25708.413,10319.247,10482.178,4602.695,-0.041,-0.036,-0.946,-0.935,45.507,68914552707.602,25.586,128.245,107.400,0.038,-0.016,0.159,-0.074,7.857,7.172,0.686,49.832
147,sub-131_sam-3_Image_em_pred.png,555394.420,16582.650,9246.300,2381.281,993.651,711.669,90,1.000,989.920,1373,2143,117.181,426.368,1.396,0.716,1.727,254,1,2174,16560.771,25985.259,25287.763,47447.182,22041.560,0.161,-0.215,-0.954,-0.948,58.344,5.292E12,33.457,515.070,3481.999,450.755,554046.961,9843.233,109216.668,8.463,7.271,1.192,65.929
148,sub-131_sam-3_Image_em_pred.png,517442.940,24210.550,9317.700,2203.627,845.946,778.807,0,1.000,897.878,2003,2153,145.257,378.656,1.086,0.921,1.785,254,1,2223,24236.336,25858.387,40004.926,29550.829,15283.004,-0.035,0.131,-1.097,-1.003,35.559,2.320E12,31.289,211.175,3343.621,102.145,-27120.044,-1111.289,53178.633,8.169,7.444,0.726,65.621
149,sub-131_sam-3_Image_em_pred.png,87939.810,15654.450,9478.350,890.253,362.548,308.837,90,1.000,338.680,1310,2147,108.435,218.779,1.174,0.852,1.482,254,1,429,15663.548,25693.556,4856.735,5990.144,705.693,-0.048,0.103,-0.977,-0.896,64.383,1405673533.403,25.284,17.804,1752.725,54.244,12176.811,-227.471,-11466.188,7.534,7.291,0.243,46.226
150,sub-131_sam-3_Image_em_pred.png,386028.860,23324.000,9347.450,1962.244,778.807,631.102,0,1.000,749.322,1935,2155,147.319,418.857,1.234,0.810,1.525,254,1,1684,23337.645,25835.571,25913.013,20328.573,12411.315,-0.073,0.058,-0.907,-0.984,38.661,1.090E12,27.459,228.273,358.898,23.901,-296.608,-48.219,-2193.749,8.063,7.171,0.893,57.394
151,sub-131_sam-3_Image_em_pred.png,820771.560,17683.400,9192.750,3296.035,1127.928,926.512,0,0.949,1122.644,1445,2161,147.995,767.058,1.217,0.821,1.373,254,1,3858,17739.408,25978.520,65353.725,37983.860,16750.009,-0.255,0.174,-1.048,-0.969,25.375,7.220E12,26.785,125.728,2639.495,148.474,85439.835,1654.873,-36595.539,7.899,7.256,0.643,50.190
152,sub-131_sam-3_Image_em_pred.png,299080.320,24668.700,9317.700,1739.877,644.530,590.819,90,1.000,661.280,2058,2150,120.256,311.339,1.091,0.917,1.828,254,1,1321,24645.373,25894.323,19433.712,19588.725,2165.217,0.052,-0.082,-1.200,-1.016,46.025,24803996863.056,29.540,10.760,5363.846,314.647,210906.731,-877.907,-350153.666,7.688,7.527,0.161,61.409
153,sub-131_sam-3_Image_em_pred.png,863679.390,13214.950,8883.350,3150.347,1436.765,765.380,90,1.000,1310.352,1097,2157,103.658,529.703,1.877,0.533,1.630,254,1,4781,13198.694,26338.236,34530.550,120942.736,-3449.824,0.148,-0.110,-1.093,-1.139,-87.717,3.593E13,32.519,328.755,209.144,201.940,28510.826,3460.178,-30157.103,8.314,7.406,0.908,67.706
154,sub-131_sam-3_Image_em_pred.png,1156245.650,11917.850,8716.750,3513.618,1544.187,953.368,90,1.000,1448.920,985,2167,109.179,639.159,1.620,0.617,1.653,254,1,4966,11904.412,26488.240,45825.264,113485.454,31270.072,0.036,-0.013,-1.011,-0.942,68.626,4.216E13,32.080,344.232,1685.080,128.275,18692.024,-258.370,56633.332,8.314,7.361,0.952,63.926
155,sub-131_sam-3_Image_em_pred.png,455417.760,16017.400,8990.450,2123.564,899.657,644.530,90,1.000,868.782,1331,2168,113.405,412.580,1.396,0.716,1.646,254,1,1890,16015.624,26201.653,20343.170,36492.745,16471.575,0.018,-0.030,-1.007,-0.933,58.058,2.544E12,30.072,376.826,2.177,10.414,5.249,37.404,-49.311,8.280,7.173,1.107,62.704
156,sub-131_sam-3_Image_em_pred.png,618269.260,22758.750,8948.800,2454.372,993.651,792.235,90,1.000,1039.668,1889,2168,123.326,343.248,1.254,0.797,2.029,254,1,2097,22756.599,26227.234,30415.593,53763.602,28139.591,0.043,0.019,-0.948,-1.079,56.266,7.785E12,40.143,844.242,2227.767,318.265,-163723.417,-6168.437,-212162.285,8.764,7.443,1.321,71.413
157,sub-131_sam-3_Image_em_pred.png,967762.740,25656.400,8871.450,3164.784,1369.627,899.657,0,1.000,1279.458,2105,2197,161.565,650.192,1.522,0.657,1.597,254,1,4140,25612.356,26327.796,81502.076,40409.795,29920.592,0.129,-0.101,-0.852,-0.990,27.762,2.182E13,29.447,307.448,680.090,268.289,78880.579,4322.507,83133.784,8.206,7.216,0.990,60.689
158,sub-131_sam-3_Image_em_pred.png,626624.250,11049.150,8752.450,2547.881,1007.078,792.235,90,1.000,985.978,906,2185,119.659,537.506,1.271,0.787,1.494,254,1,2987,11031.198,26440.806,29371.655,54230.605,18459.109,0.025,-0.067,-0.954,-0.993,61.977,5.917E12,27.989,222.022,222.737,39.324,-875.359,-550.086,-3574.640,8.074,7.218,0.856,57.925
159,sub-131_sam-3_Image_em_pred.png,1100309.700,24067.750,8425.200,3369.622,1490.476,939.940,0,1.000,1474.160,1967,2221,153.642,340.683,1.586,0.631,2.538,254,1,2771,24070.769,26752.598,116331.703,45367.353,65130.631,-0.038,0.062,-1.122,-1.071,30.710,6.097E13,58.354,2865.677,442.602,61.394,-1973.314,-1624.853,9926.184,9.457,7.189,2.268,78.008
160,sub-131_sam-3_Image_em_pred.png,508096.680,12971.000,8365.700,2414.444,1047.362,617.675,90,1.000,967.712,1081,2215,106.429,498.224,1.696,0.590,1.384,254,1,2875,12984.641,26805.520,20909.381,59937.034,1962.877,-0.069,0.032,-1.084,-1.099,87.128,4.423E12,28.120,186.141,1936.852,148.256,-72911.434,-2021.400,-31551.271,8.036,7.271,0.764,58.911
161,sub-131_sam-3_Image_em_pred.png,346661.280,28000.700,8395.450,1882.182,684.813,644.530,90,1.000,677.569,2336,2227,120.619,479.631,1.062,0.941,1.346,254,1,1765,27992.673,26792.142,20167.210,22101.651,6793.724,0.051,0.004,-0.980,-0.961,49.051,332456807118.206,23.948,60.465,209.109,6.913,257.660,52.964,-51.971,7.639,7.153,0.486,44.428
162,sub-131_sam-3_Image_em_pred.png,258296.640,27381.900,8425.200,1635.519,644.530,510.253,0,1.000,598.441,2277,2242,162.646,446.374,1.263,0.792,1.315,254,1,1342,27401.834,26755.518,19551.872,12277.310,2714.356,-0.124,0.074,-0.931,-0.944,18.366,110567599163.024,23.718,45.748,351.637,11.903,612.204,55.576,467.079,7.581,7.158,0.423,41.758
163,sub-131_sam-3_Image_em_pred.png,1133446.440,17112.200,8026.550,3319.134,1235.350,1168.211,0,1.000,1358.999,1392,2246,142.829,572.191,1.057,0.946,1.813,254,1,4282,17114.965,27182.560,72289.071,66271.814,49005.527,-0.014,-0.082,-0.965,-0.992,43.243,4.129E13,32.359,525.885,1004.236,259.164,130914.073,5707.617,-18498.995,8.440,7.164,1.276,65.606
164,sub-131_sam-3_Image_em_pred.png,198820.440,11412.100,8109.850,1401.603,523.681,483.398,90,1.000,495.389,951,2257,114.102,353.150,1.083,0.923,1.394,254,1,977,11418.817,27073.152,10235.481,13630.697,3762.311,-0.065,0.037,-0.871,-0.940,57.143,66580043394.308,24.428,71.394,138.553,13.890,500.310,35.565,347.814,7.691,7.170,0.520,44.070
165,sub-131_sam-3_Image_em_pred.png,339864.000,13530.300,7818.300,1926.894,805.663,537.108,90,1.000,764.662,1125,2270,110.973,417.705,1.500,0.667,1.385,254,1,1677,13518.418,27375.276,13960.470,31476.231,8923.680,0.027,-0.038,-1.001,-1.009,67.231,1.049E12,27.094,222.353,134.962,6.513,-172.266,-91.250,87.215,8.044,7.151,0.893,57.401
166,sub-131_sam-3_Image_em_pred.png,1132596.780,22247.050,7627.900,3766.755,1732.175,832.518,0,1.000,1587.524,1805,2307,165.235,641.097,2.081,0.481,1.571,254,1,4838,22219.460,27570.627,137806.673,31930.038,33132.083,0.109,-0.120,-0.917,-0.900,16.020,7.548E13,35.084,666.523,4457.512,919.675,1650488.446,15860.619,-862105.075,8.580,7.222,1.358,67.035
167,sub-131_sam-3_Image_em_pred.png,594762.000,20640.550,7568.400,2500.281,1007.078,751.952,0,1.000,1002.217,1697,2300,150.086,463.000,1.339,0.747,1.671,254,1,2357,20668.995,27604.489,50500.812,25174.859,23140.616,-0.134,0.102,-1.063,-0.900,30.656,6.560E12,32.107,501.014,1026.486,226.523,108042.373,4759.359,16069.851,8.419,7.176,1.243,65.001
168,sub-131_sam-3_Image_em_pred.png,110739.020,12441.450,7627.900,1084.737,456.542,308.837,90,1.000,408.952,1044,2299,98.366,273.700,1.478,0.676,1.269,254,1,591,12447.390,27557.269,4665.163,9628.243,-206.516,-0.091,0.020,-0.947,-0.945,-87.621,14658429146.834,24.185,71.011,202.832,4.008,-91.102,-29.420,69.023,7.679,7.154,0.525,45.926
169,sub-131_sam-3_Image_em_pred.png,1526555.800,13238.750,6794.900,4288.459,1879.880,1033.934,90,1.000,1812.554,1085,2316,113.199,561.283,1.818,0.550,2.001,254,1,6626,13254.996,28408.825,50053.432,225134.146,23086.919,0.095,-0.082,-1.038,-1.227,82.613,2.172E14,41.531,746.751,1800.944,439.844,367010.711,7937.314,136203.450,8.757,7.618,1.139,72.807
170,sub-131_sam-3_Image_em_pred.png,78168.720,28125.650,7449.400,867.649,322.265,308.837,90,1.000,305.021,2359,2319,110.556,252.437,1.043,0.958,1.294,254,1,407,28127.141,27736.283,4450.315,4819.635,480.749,-0.030,0.029,-0.906,-0.902,55.506,431775715.296,22.776,6.404,25.515,0.200,-0.390,-0.383,-0.225,7.313,7.152,0.161,26.532
171,sub-131_sam-3_Image_em_pred.png,356857.200,11971.400,7044.800,1939.640,805.663,563.964,90,1.000,728.140,1002,2335,101.310,484.026,1.429,0.700,1.360,254,1,1792,11980.205,28136.959,14749.473,29500.601,4307.991,-0.119,0.004,-0.929,-0.937,74.856,522961009663.535,24.693,90.877,442.940,13.092,215.370,1.647,973.451,7.749,7.161,0.587,48.264
172,sub-131_sam-3_Image_em_pred.png,353458.560,28298.200,6937.700,1933.865,698.241,644.530,90,1.000,697.344,2360,2349,126.674,495.070,1.083,0.923,1.338,254,1,1802,28285.567,28262.513,20115.509,23541.562,7261.884,0.093,-0.027,-0.975,-0.999,51.637,401265137206.312,24.227,68.575,476.676,18.789,1774.503,153.695,-114.690,7.674,7.160,0.514,45.531
173,sub-131_sam-3_Image_em_pred.png,517159.720,12471.200,6717.550,2569.990,1114.500,590.819,90,0.984,1008.205,1044,2351,101.575,460.955,1.886,0.530,1.552,254,1,2113,12459.494,28470.159,14448.354,57638.807,12673.540,-0.009,-0.015,-0.900,-0.959,74.796,5.299E12,34.116,561.706,5015.233,489.569,110202.973,-2735.419,759168.666,8.505,7.269,1.236,64.942
174,sub-131_sam-3_Image_em_pred.png,584849.300,17766.700,6693.750,2380.085,939.940,792.235,0,1.000,986.839,1458,2371,146.310,409.132,1.186,0.843,1.824,254,1,2153,17801.789,28479.737,38080.302,32942.577,25368.083,-0.168,0.069,-0.845,-1.082,42.109,5.599E12,32.988,561.019,1030.279,255.646,117805.373,4134.671,57754.330,8.476,7.173,1.304,66.088
175,sub-131_sam-3_Image_em_pred.png,633279.920,21658.000,6699.700,2677.935,1154.783,698.241,0,1.000,1030.295,1777,2398,6.633,615.055,1.654,0.605,1.327,254,1,3345,21642.025,28480.587,64144.460,23534.500,-3147.959,0.002,0.105,-0.971,-0.922,-4.406,5.649E12,26.212,150.934,50.644,6.277,11.552,24.379,-111.323,7.918,7.185,0.733,53.388
176,sub-131_sam-3_Image_em_pred.png,500449.740,22907.500,6622.350,2305.302,832.518,765.380,0,1.000,810.337,1897,2380,150.046,614.264,1.088,0.919,1.316,254,1,2746,22884.294,28576.585,37506.417,29586.638,3325.595,0.203,-0.067,-0.960,-1.049,20.012,293715585111.176,24.433,14.185,348.935,107.153,2933.465,-166.647,20510.821,7.469,7.245,0.224,38.339
177,sub-131_sam-3_Image_em_pred.png,209582.800,23395.400,6741.350,1414.348,537.108,496.825,0,1.000,490.650,1946,2382,165.964,378.656,1.081,0.925,1.441,254,1,1058,23390.597,28446.748,13895.202,12687.573,-439.455,-0.076,0.081,-0.909,-1.021,-18.024,2360241010.067,25.125,1.993,762.390,247.588,91807.133,267.541,-56055.937,7.381,7.300,0.081,35.395
178,sub-131_sam-3_Image_em_pred.png,163559.550,27447.350,6598.550,1289.574,469.970,443.114,90,1.000,427.241,2305,2420,77.125,370.241,1.061,0.943,1.365,254,1,800,27465.483,28595.551,8673.887,9687.872,421.774,-0.128,0.052,-0.919,-0.925,70.121,1391792483.620,22.952,2.718,373.080,0.442,2.420,0.167,-5.134,7.272,7.168,0.104,21.463
179,sub-131_sam-3_Image_em_pred.png,287185.080,13107.850,6211.800,1712.694,698.241,523.681,90,1.000,632.606,1090,2409,106.390,419.857,1.333,0.750,1.422,254,1,1457,13101.667,28964.539,14117.233,24290.461,1859.844,0.142,0.005,-0.976,-0.999,79.958,170950732717.595,26.361,55.270,1051.032,145.929,5073.420,154.862,56925.179,7.730,7.312,0.418,49.241
180,sub-131_sam-3_Image_em_pred.png,732123.700,20884.500,6170.150,3151.048,1477.048,631.102,0,0.927,1332.641,1700,2449,10.808,481.145,2.340,0.427,1.446,254,1,3460,20850.568,29007.811,108949.194,18410.873,-20564.696,0.116,0.105,-0.981,-0.917,-12.216,3.422E13,36.809,826.023,711.703,347.394,169295.549,9041.551,-34305.417,8.686,7.175,1.511,69.504
181,sub-131_sam-3_Image_em_pred.png,208166.700,13988.450,5997.600,1442.232,563.964,469.970,90,1.000,559.427,1163,2432,119.291,327.391,1.200,0.833,1.466,254,1,962,13963.933,29210.158,10377.643,15314.552,6060.207,0.196,-0.178,-0.900,-0.948,56.081,164768957557.868,26.707,185.076,1002.836,70.441,5185.308,107.315,-17989.731,7.985,7.174,0.811,55.216
182,sub-131_sam-3_Image_em_pred.png,863396.170,18034.450,5789.350,3096.972,1221.922,899.657,0,1.000,1157.975,1471,2458,157.652,673.166,1.358,0.736,1.570,254,1,3549,17951.163,29430.013,64217.441,39608.507,25205.405,0.316,-0.199,-0.782,-1.023,31.990,1.117E13,29.255,249.841,5662.414,1160.410,2955075.113,17991.214,339641.845,8.145,7.273,0.872,56.879
183,sub-131_sam-3_Image_em_pred.png,203918.400,23478.700,6009.500,1535.741,644.530,402.831,0,1.000,583.464,1949,2461,11.768,352.593,1.600,0.625,1.229,254,1,1127,23470.374,29182.480,20326.260,8223.179,-1762.011,0.026,-0.063,-1.043,-1.038,-8.117,179084010325.622,25.332,125.108,290.355,11.580,-622.543,-126.257,251.612,7.842,7.158,0.684,51.486
184,sub-131_sam-3_Image_em_pred.png,208166.700,21818.650,5997.600,1531.657,657.958,402.831,0,1.000,603.272,1809,2460,14.859,343.066,1.633,0.612,1.288,254,1,1100,21821.636,29194.519,21161.007,7817.608,-3375.670,-0.030,-0.019,-1.001,-0.990,-13.419,245989574617.090,26.344,184.816,27.587,2.792,21.663,29.497,-11.447,7.971,7.148,0.824,55.575
185,sub-131_sam-3_Image_em_pred.png,149823.380,22859.900,5944.050,1349.424,617.675,308.837,0,1.000,550.624,1898,2458,6.203,273.700,2.000,0.500,1.254,254,1,806,22870.678,29238.152,18647.952,4591.849,-12.025,-0.086,0.082,-1.040,-0.995,-0.049,159245131080.510,28.834,304.131,408.455,63.598,9603.729,861.358,-3583.206,8.184,7.173,1.011,60.224
186,sub-131_sam-3_Image_em_pred.png,308426.580,22491.000,5670.350,1961.748,886.229,443.114,0,1.000,802.875,1857,2472,168.024,392.700,2.000,0.500,1.311,254,1,1629,22475.984,29511.120,39803.414,9808.586,1996.249,0.140,-0.029,-1.026,-1.000,3.791,1.492E12,30.455,345.047,790.505,324.312,147266.300,3260.159,72645.150,8.267,7.245,1.023,61.464
187,sub-131_sam-3_Image_em_pred.png,237904.800,13494.600,5236.000,1670.374,751.952,402.831,90,1.000,673.166,1131,2489,98.130,354.820,1.867,0.536,1.276,254,1,1270,13496.165,29957.988,7880.824,26511.553,1522.885,-0.043,-0.038,-0.980,-0.991,85.358,452603604940.579,27.081,220.957,158.705,10.166,-19.271,-38.471,-407.866,8.042,7.152,0.890,57.319
188,sub-131_sam-3_Image_em_pred.png,342412.980,14059.850,5176.500,1922.811,832.518,523.681,90,1.000,761.972,1170,2491,104.470,450.243,1.590,0.629,1.403,254,1,1657,14045.580,30001.792,12576.564,30708.120,5361.223,0.071,0.046,-0.935,-0.891,74.701,735250900496.176,26.122,161.610,414.544,12.506,-900.253,-158.354,-18.867,7.931,7.164,0.767,53.997
189,sub-131_sam-3_Image_em_pred.png,992261.270,23425.150,4992.050,3334.972,1221.922,1033.934,90,1.000,1134.564,1960,2494,114.146,830.491,1.182,0.846,1.342,254,1,4873,23436.801,30196.169,45039.822,81255.161,12874.285,-0.215,0.029,-0.809,-1.099,72.294,9.622E12,25.917,83.152,2199.957,81.883,15859.389,217.083,30923.480,7.782,7.252,0.530,48.978
190,sub-131_sam-3_Image_em_pred.png,603258.600,21640.150,5152.700,2478.172,953.368,805.663,0,1.000,993.490,1785,2549,34.261,398.563,1.183,0.845,1.925,254,1,2395,21659.135,30038.087,52885.212,40192.889,-7706.186,-0.028,0.110,-1.231,-1.266,-25.264,954733859570.140,38.864,69.497,13676.457,1994.418,7713458.152,-16261.669,-7000047.830,8.212,7.898,0.314,68.562
191,sub-131_sam-3_Image_em_pred.png,1345861.440,24740.100,4819.500,3972.788,1772.458,966.795,0,1.000,1659.570,2013,2532,161.175,635.264,1.833,0.545,1.662,254,1,5505,24686.288,30422.685,152528.719,44204.973,51613.627,0.195,-0.224,-0.969,-0.902,21.810,1.233E14,35.737,738.818,2269.316,534.773,512699.061,9446.534,290171.169,8.627,7.188,1.439,68.252
192,sub-131_sam-3_Image_em_pred.png,258296.640,15713.950,4986.100,1875.211,765.380,429.687,0,0.923,693.066,1293,2528,164.055,359.380,1.781,0.561,1.287,254,1,1307,15693.819,30212.985,30817.753,8083.717,4169.994,0.145,-0.120,-1.104,-0.914,10.073,766414077909.903,29.764,343.271,993.743,140.204,48986.190,2298.030,18415.813,8.245,7.193,1.052,61.140
193,sub-131_sam-3_Image_em_pred.png,269625.440,22015.000,4819.500,1744.661,751.952,456.542,0,1.000,686.909,1822,2561,14.036,373.644,1.647,0.607,1.360,254,1,1340,22001.217,30359.600,27441.213,9409.671,-4790.212,0.112,0.029,-1.008,-0.943,-13.991,558674214649.043,27.501,232.190,786.237,50.704,-1561.766,-272.886,-10002.540,8.069,7.168,0.901,57.593
194,sub-131_sam-3_Image_em_pred.png,166391.750,22782.550,4873.050,1378.999,631.102,335.693,0,1.000,567.344,1891,2544,170.340,291.144,1.880,0.532,1.350,254,1,843,22800.647,30310.154,18586.083,5522.019,2002.529,-0.090,0.021,-0.947,-0.966,8.522,157396766602.457,28.598,262.732,730.801,16.955,822.316,223.499,-1698.764,8.137,7.210,0.927,59.102
195,sub-131_sam-3_Image_em_pred.png,111022.240,13685.000,4724.300,1040.024,375.976,375.976,0,1.000,349.989,1148,2546,107.819,302.925,1.000,1.000,1.334,254,1,562,13689.489,30473.910,6392.237,6432.112,433.639,-0.031,-0.112,-0.904,-0.884,46.316,423613397.183,22.819,2.386,269.216,0.462,3.350,-0.493,-3.922,7.258,7.160,0.098,20.843
196,sub-131_sam-3_Image_em_pred.png,616003.500,26096.700,4313.750,2716.873,1168.211,671.386,90,1.000,1042.117,2196,2551,96.557,561.979,1.740,0.575,1.285,254,1,3430,26109.842,30888.504,23096.968,73286.347,1624.602,-0.107,0.030,-1.054,-1.074,88.148,8.676E12,28.100,215.007,56.483,46.043,-1703.343,523.147,1616.132,8.070,7.235,0.835,56.395
197,sub-131_sam-3_Image_em_pred.png,134529.500,20979.700,4635.050,1192.682,510.253,335.693,0,1.000,490.650,1744,2577,22.834,228.839,1.520,0.658,1.520,254,1,588,20976.604,30550.052,12764.453,5313.637,-4708.078,0.032,0.047,-0.979,-0.911,-25.823,84777045483.002,30.745,417.010,1018.621,96.031,6148.508,-8.473,29398.592,8.329,7.174,1.155,63.263
198,sub-131_sam-3_Image_em_pred.png,380364.460,20295.450,4331.600,2253.123,1060.789,456.542,0,0.942,969.759,1666,2601,14.207,296.200,2.324,0.430,1.735,254,1,1363,20283.140,30868.517,55129.342,9795.784,-16562.534,0.026,-0.151,-0.970,-0.954,-18.078,4.297E12,47.634,1696.875,5102.487,1001.351,1449979.530,12203.951,1738033.312,9.124,7.232,1.893,74.336
199,sub-131_sam-3_Image_em_pred.png,881097.420,14053.900,4075.750,3133.518,1369.627,819.090,0,1.000,1331.524,1130,2593,155.726,468.472,1.672,0.598,1.782,254,1,3342,14040.245,31100.518,94912.970,29884.735,37223.305,0.060,0.035,-1.052,-0.910,24.432,3.265E13,37.342,874.832,824.617,308.731,152668.793,8214.191,-30949.325,8.716,7.162,1.554,70.076
200,sub-131_sam-3_Image_em_pred.png,88364.640,25537.400,4272.100,904.195,349.121,322.265,90,1.000,315.069,2143,2585,100.886,260.852,1.083,0.923,1.387,254,1,425,25534.222,30916.102,4373.563,5392.582,362.960,0.040,-0.013,-0.872,-0.873,72.268,665278228.011,22.979,8.666,53.793,1.388,11.806,3.395,2.134,7.348,7.162,0.186,27.886
201,sub-131_sam-3_Image_em_pred.png,501582.620,15511.650,3867.500,2379.590,1033.934,617.675,0,1.000,949.766,1265,2640,15.255,423.640,1.674,0.597,1.529,254,1,2197,15519.266,31313.203,53190.844,16182.725,-14846.519,-0.034,-0.007,-1.058,-0.856,-19.371,4.946E12,31.576,466.411,64.615,8.747,188.371,187.284,88.096,8.384,7.177,1.207,64.561
202,sub-131_sam-3_Image_em_pred.png,131414.080,21324.800,3897.250,1103.257,429.687,389.404,0,1.000,398.961,1776,2623,162.646,269.266,1.103,0.906,1.457,254,1,662,21320.216,31290.349,9158.718,7939.722,533.172,-0.046,0.093,-0.976,-0.993,20.589,1736451145.627,25.828,5.985,1136.937,285.747,154191.013,-412.217,-52456.620,7.473,7.336,0.137,44.829
203,sub-131_sam-3_Image_em_pred.png,638944.320,19670.700,3724.700,2821.931,1262.205,644.530,0,1.000,1163.830,1606,2662,16.026,460.904,1.958,0.511,1.493,254,1,2864,19645.375,31446.323,82404.707,17152.677,-17225.656,0.071,0.077,-1.042,-0.839,-13.916,1.559E13,34.762,663.788,2311.180,185.202,-121076.682,-4766.615,-4685.012,8.571,7.196,1.375,67.312
204,sub-131_sam-3_Image_em_pred.png,305877.600,24799.600,3748.500,1894.432,805.663,483.398,0,1.000,742.106,2054,2648,15.819,403.276,1.667,0.600,1.298,254,1,1584,24788.992,31435.150,32574.888,11164.492,-6144.505,0.068,0.089,-1.050,-1.019,-14.927,965328947511.407,27.613,242.890,371.199,55.001,7239.188,721.179,3058.930,8.084,7.162,0.922,58.135
205,sub-131_sam-3_Image_em_pred.png,972435.870,25959.850,3564.050,3322.722,1463.621,845.946,0,1.000,1348.538,2127,2647,164.124,571.969,1.730,0.578,1.645,254,1,4143,25964.023,31596.414,103578.928,31722.299,23643.974,-0.030,-0.069,-1.033,-0.913,16.674,3.066E13,32.658,431.096,2797.082,166.939,97583.214,771.831,-59080.208,8.391,7.307,1.084,67.125
206,sub-131_sam-3_Image_em_pred.png,191598.330,18903.150,3683.050,1426.599,550.536,443.114,90,1.000,528.178,1581,2668,67.479,367.116,1.242,0.805,1.307,254,1,997,18905.513,31514.429,9358.287,15215.172,-3599.439,-0.109,-0.046,-0.962,-1.013,-64.566,85868571063.121,24.647,86.646,404.715,17.410,1343.736,149.424,-574.651,7.737,7.164,0.573,47.540
207,sub-131_sam-3_Image_em_pred.png,392684.530,20949.950,3599.750,2034.840,792.235,631.102,0,1.000,710.022,1732,2664,13.570,496.916,1.255,0.797,1.354,254,1,2022,20939.686,31583.165,31614.452,18679.980,-6760.736,0.093,0.027,-1.014,-0.947,-23.136,707964415822.237,24.874,85.638,163.550,37.129,2741.755,341.877,924.208,7.744,7.181,0.564,44.967
208,sub-131_sam-3_Image_em_pred.png,475809.600,16243.500,3474.800,2401.698,1074.217,563.964,0,1.000,984.253,1325,2678,14.708,449.196,1.905,0.525,1.392,254,1,2333,16236.963,31700.623,56229.023,15054.335,-11529.163,0.065,0.025,-1.020,-0.979,-14.625,5.196E12,30.554,409.165,921.936,58.891,-13406.623,-1166.811,-2925.366,8.318,7.169,1.149,63.185
209,sub-131_sam-3_Image_em_pred.png,359406.180,18456.900,3326.050,1897.815,725.096,631.102,0,1.000,693.883,1524,2668,157.834,454.387,1.149,0.870,1.500,254,1,1635,18505.013,31855.190,23257.274,18589.844,4829.449,-0.240,0.155,-0.840,-0.964,32.104,188154499734.488,25.595,43.049,3176.901,30.641,-5412.013,138.260,-7880.536,7.658,7.280,0.378,46.500
