"x1","y1","x2","y2"
491.689821,-3549.996967,387.799128,-3534.998328
73.630497,-3443.364234,387.799128,-3534.998328
609.735665,-3370.433793,491.689821,-3549.996967
609.735665,-3370.433793,696.580314,-3396.803748
45.412605,-3271.474037,73.630497,-3443.364234
263.963555,-3235.911678,73.630497,-3443.364234
263.963555,-3235.911678,45.412605,-3271.474037
415.517349,-3439.797004,387.799128,-3534.998328
415.517349,-3439.797004,491.689821,-3549.996967
415.517349,-3439.797004,73.630497,-3443.364234
734.085384,-3372.320265,696.580314,-3396.803748
734.085384,-3372.320265,609.735665,-3370.433793
1854.170172,-3580.903837,1476.080668,-3579.182425
903.037271,-3442.267145,696.580314,-3396.803748
903.037271,-3442.267145,734.085384,-3372.320265
1415.801144,-3320.948932,1744.584188,-3434.062566
1500.835562,-3157.030605,1745.023024,-3171.770883
1579.676165,-3538.807343,1476.080668,-3579.182425
1579.676165,-3538.807343,1744.584188,-3434.062566
1918.74432,-3135.519801,1745.023024,-3171.770883
958.931738,-3421.917076,1405.708131,-3398.902272
958.931738,-3421.917076,903.037271,-3442.267145
958.931738,-3421.917076,898.449144,-3113.968151
1219.573143,-3155.502503,1405.708131,-3398.902272
1219.573143,-3155.502503,1415.801144,-3320.948932
1219.573143,-3155.502503,898.449144,-3113.968151
1742.051019,-3241.679908,1745.023024,-3171.770883
1742.051019,-3241.679908,1744.584188,-3434.062566
1742.051019,-3241.679908,1415.801144,-3320.948932
3065.373922,-3342.966446,2877.700692,-3159.647891
3065.373922,-3342.966446,3186.102636,-3158.628671
3065.373922,-3342.966446,3232.221421,-3471.079832
2153.012264,-3160.703616,1918.74432,-3135.519801
2713.653356,-3100.797762,2877.700692,-3159.647891
2695.368827,-3492.189659,2593.648413,-3549.951266
2660.052294,-3466.013039,2593.648413,-3549.951266
2660.052294,-3466.013039,2695.368827,-3492.189659
3116.581327,-3563.478611,2593.648413,-3549.951266
2772.926311,-3392.357946,2763.965725,-3268.441063
2772.926311,-3392.357946,2660.052294,-3466.013039
2530.552636,-3465.524182,2593.648413,-3549.951266
2361.679753,-3455.242664,2530.552636,-3465.524182
2345.729892,-3253.449167,2153.012264,-3160.703616
2345.729892,-3253.449167,2361.679753,-3455.242664
2104.010363,-3440.4406,1744.584188,-3434.062566
3140.090307,-3579.225618,3232.221421,-3471.079832
3140.090307,-3579.225618,3116.581327,-3563.478611
2549.245205,-3574.862498,2530.552636,-3465.524182
2549.245205,-3574.862498,2104.010363,-3440.4406
2798.76452,-3386.515627,2763.965725,-3268.441063
2798.76452,-3386.515627,2695.368827,-3492.189659
2798.76452,-3386.515627,2772.926311,-3392.357946
2195.729792,-3315.650265,2153.012264,-3160.703616
2195.729792,-3315.650265,2361.679753,-3455.242664
2195.729792,-3315.650265,2345.729892,-3253.449167
2739.391112,-3237.841177,2877.700692,-3159.647891
2739.391112,-3237.841177,2763.965725,-3268.441063
2739.391112,-3237.841177,2713.653356,-3100.797762
2158.32181,-3151.15109,2153.012264,-3160.703616
3915.447578,-3293.858891,4158.430096,-3405.015557
4043.1599,-3460.107573,4158.430096,-3405.015557
4043.1599,-3460.107573,3915.447578,-3293.858891
3551.223706,-3213.127021,3399.792235,-3090.400824
4639.540096,-3554.566626,4206.260531,-3576.166358
4639.540096,-3554.566626,4691.003061,-3567.849177
3528.061405,-3152.146043,3399.792235,-3090.400824
3528.061405,-3152.146043,3551.223706,-3213.127021
4403.090919,-3467.500081,4158.430096,-3405.015557
4403.090919,-3467.500081,4665.448135,-3342.615263
3458.809711,-3434.412817,3551.223706,-3213.127021
4397.765527,-3118.031843,4403.090919,-3467.500081
4397.765527,-3118.031843,4630.084424,-3194.855929
3720.765002,-3457.558337,4043.1599,-3460.107573
3720.765002,-3457.558337,3551.223706,-3213.127021
3720.765002,-3457.558337,3458.809711,-3434.412817
5117.110885,-3585.720358,4691.003061,-3567.849177
5117.110885,-3585.720358,5339.736982,-3349.383501
5285.683162,-3206.09567,5339.736982,-3349.383501
5177.537399,-3366.70713,4665.448135,-3342.615263
5177.537399,-3366.70713,5117.110885,-3585.720358
5079.041878,-3165.419231,5285.683162,-3206.09567
5079.041878,-3165.419231,4896.982072,-3120.958225
5292.491967,-3324.657353,5339.736982,-3349.383501
5292.491967,-3324.657353,5285.683162,-3206.09567
5292.491967,-3324.657353,5177.537399,-3366.70713
4781.305867,-2426.19032,4776.568709,-2419.793203
5178.462023,-2706.569321,4996.065912,-2661.219089
5303.312366,-2316.259401,5089.189246,-2295.463785
5454.983123,-2801.720023,5483.40756,-2940.803839
5472.482645,-2565.779062,5454.983123,-2801.720023
5131.368084,-2486.349847,5178.462023,-2706.569321
5131.368084,-2486.349847,5303.312366,-2316.259401
4783.957428,-2822.5623,4630.084424,-3194.855929
4783.957428,-2822.5623,4896.982072,-3120.958225
5379.094102,-2532.040174,5472.482645,-2565.779062
5456.823966,-2441.52256,5379.094102,-2532.040174
5094.320776,-2350.835527,5089.189246,-2295.463785
5322.858608,-2721.824516,5178.462023,-2706.569321
5322.858608,-2721.824516,5454.983123,-2801.720023
5472.366944,-2909.437513,5079.041878,-3165.419231
5472.366944,-2909.437513,5483.40756,-2940.803839
5472.366944,-2909.437513,5322.858608,-2721.824516
5281.360376,-2668.66808,5178.462023,-2706.569321
5281.360376,-2668.66808,5379.094102,-2532.040174
5281.360376,-2668.66808,5322.858608,-2721.824516
4982.564596,-2497.363538,4996.065912,-2661.219089
4982.564596,-2497.363538,4781.305867,-2426.19032
4982.564596,-2497.363538,5131.368084,-2486.349847
4982.564596,-2497.363538,5094.320776,-2350.835527
4973.901305,-3055.180598,4896.982072,-3120.958225
4973.901305,-3055.180598,5079.041878,-3165.419231
4973.901305,-3055.180598,4996.065912,-2661.219089
5496.119898,-2492.433771,5379.094102,-2532.040174
5496.119898,-2492.433771,5456.823966,-2441.52256
4492.930564,-3038.291675,4397.765527,-3118.031843
4492.930564,-3038.291675,4210.372928,-2990.672863
4183.400918,-2470.854817,4191.888816,-2595.212397
4016.09009,-2464.819554,4191.888816,-2595.212397
4016.09009,-2464.819554,4183.400918,-2470.854817
4013.556085,-2274.906507,4016.09009,-2464.819554
3818.622423,-2725.215911,3629.658684,-2465.294967
3818.622423,-2725.215911,4118.636672,-2807.539271
3643.471375,-2641.10231,3629.658684,-2465.294967
3643.471375,-2641.10231,3818.622423,-2725.215911
3643.06807,-3085.33154,3528.061405,-3152.146043
3873.236984,-2294.994544,4016.09009,-2464.819554
4539.298227,-2877.086862,4492.930564,-3038.291675
4539.298227,-2877.086862,4497.686951,-2704.362822
3628.393372,-2768.421291,3643.06807,-3085.33154
4740.072303,-2389.132382,4776.568709,-2419.793203
4740.072303,-2389.132382,4781.305867,-2426.19032
3836.532099,-2996.417008,3915.447578,-3293.858891
3836.532099,-2996.417008,3628.393372,-2768.421291
4227.23007,-2712.388275,4497.686951,-2704.362822
4227.23007,-2712.388275,4191.888816,-2595.212397
4220.729877,-2246.104661,4013.556085,-2274.906507
4119.526883,-2945.532337,4210.372928,-2990.672863
4119.526883,-2945.532337,4118.636672,-2807.539271
3923.461865,-2938.522161,3915.447578,-3293.858891
3923.461865,-2938.522161,3836.532099,-2996.417008
3923.461865,-2938.522161,4119.526883,-2945.532337
3548.290994,-2510.26725,3629.658684,-2465.294967
3548.290994,-2510.26725,3643.471375,-2641.10231
3950.086641,-2268.589041,4013.556085,-2274.906507
3950.086641,-2268.589041,3873.236984,-2294.994544
4589.991138,-2363.628148,4497.686951,-2704.362822
4589.991138,-2363.628148,4740.072303,-2389.132382
4199.84695,-2844.158444,4210.372928,-2990.672863
4199.84695,-2844.158444,4118.636672,-2807.539271
4199.84695,-2844.158444,4227.23007,-2712.388275
3492.564855,-2827.954148,3628.393372,-2768.421291
4682.403863,-2816.709983,4630.084424,-3194.855929
4682.403863,-2816.709983,4783.957428,-2822.5623
4682.403863,-2816.709983,4539.298227,-2877.086862
4429.113426,-2427.169455,4183.400918,-2470.854817
4429.113426,-2427.169455,4589.991138,-2363.628148
3341.589866,-3028.01406,3399.792235,-3090.400824
3379.178666,-2918.881,3399.792235,-3090.400824
3379.178666,-2918.881,3643.06807,-3085.33154
2924.993836,-3025.688908,2877.700692,-3159.647891
2924.993836,-3025.688908,3186.102636,-3158.628671
3344.999681,-2316.05312,3548.290994,-2510.26725
2703.644597,-2414.742642,2832.001417,-2523.389087
3211.073042,-2433.423353,3372.553048,-2600.36271
3211.073042,-2433.423353,3344.999681,-2316.05312
3351.088882,-2613.077352,3372.553048,-2600.36271
2367.497757,-2461.497359,2175.178594,-2338.993714
2874.056345,-2905.971714,2924.993836,-3025.688908
2874.056345,-2905.971714,3116.224941,-2891.871596
2874.056345,-2905.971714,2621.718225,-2633.834385
2768.409379,-2510.118854,2832.001417,-2523.389087
2768.409379,-2510.118854,2703.644597,-2414.742642
2768.409379,-2510.118854,2621.718225,-2633.834385
2383.81593,-2961.72212,2158.32181,-3151.15109
3207.648338,-2983.47892,3186.102636,-3158.628671
3207.648338,-2983.47892,3341.589866,-3028.01406
3207.648338,-2983.47892,3116.224941,-2891.871596
3305.299863,-2814.350284,3492.564855,-2827.954148
3305.299863,-2814.350284,3379.178666,-2918.881
3369.366301,-2647.454746,3492.564855,-2827.954148
3369.366301,-2647.454746,3372.553048,-2600.36271
3369.366301,-2647.454746,3351.088882,-2613.077352
3369.366301,-2647.454746,3305.299863,-2814.350284
2537.397412,-2567.24206,2549.094975,-2238.623169
2537.397412,-2567.24206,2621.718225,-2633.834385
2537.397412,-2567.24206,2367.497757,-2461.497359
2378.58794,-2871.727584,2383.81593,-2961.72212
2300.371001,-2717.357988,2378.58794,-2871.727584
2220.236962,-2799.070847,2378.58794,-2871.727584
2220.236962,-2799.070847,2300.371001,-2717.357988
3221.433897,-2902.836256,3341.589866,-3028.01406
3221.433897,-2902.836256,3116.224941,-2891.871596
3209.348157,-2312.505792,2832.001417,-2523.389087
3209.348157,-2312.505792,3211.073042,-2433.423353
2430.262813,-3004.939672,2713.653356,-3100.797762
2430.262813,-3004.939672,2158.32181,-3151.15109
2430.262813,-3004.939672,2383.81593,-2961.72212
2430.262813,-3004.939672,2378.58794,-2871.727584
3234.089218,-2690.426281,3211.073042,-2433.423353
3234.089218,-2690.426281,3351.088882,-2613.077352
3234.089218,-2690.426281,3369.366301,-2647.454746
3211.727959,-2772.13773,3116.224941,-2891.871596
3211.727959,-2772.13773,3305.299863,-2814.350284
3211.727959,-2772.13773,3221.433897,-2902.836256
2003.786277,-3019.392204,2220.236962,-2799.070847
1104.258239,-2631.06842,1267.724578,-2644.399203
1490.246796,-2760.74394,1267.724578,-2644.399203
825.717367,-2461.573122,818.063607,-2626.013459
825.717367,-2461.573122,1038.48753,-2426.400547
960.781687,-2875.693598,898.449144,-3113.968151
960.781687,-2875.693598,997.734567,-2748.35297
1722.310983,-3073.131505,1918.74432,-3135.519801
2024.4686,-2369.921933,2175.178594,-2338.993714
946.685962,-2370.213967,1038.48753,-2426.400547
946.685962,-2370.213967,825.717367,-2461.573122
1459.296897,-2939.662772,1500.835562,-3157.030605
1183.445755,-2859.79749,997.734567,-2748.35297
1183.445755,-2859.79749,1459.296897,-2939.662772
2003.813907,-2452.835052,2175.178594,-2338.993714
2003.813907,-2452.835052,2024.4686,-2369.921933
1939.723613,-2704.958693,2300.371001,-2717.357988
1939.723613,-2704.958693,2220.236962,-2799.070847
1723.928885,-2802.237053,1490.246796,-2760.74394
1562.402794,-2665.015298,1267.724578,-2644.399203
1048.765082,-2346.428514,946.685962,-2370.213967
1922.046876,-2579.79645,2003.813907,-2452.835052
1317.489196,-2278.590922,1290.929953,-2251.64143
1317.489196,-2278.590922,1350.829129,-2427.417533
1724.663995,-3053.345992,2003.786277,-3019.392204
1724.663995,-3053.345992,1722.310983,-3073.131505
1724.663995,-3053.345992,1723.928885,-2802.237053
1376.340175,-3019.344506,1500.835562,-3157.030605
1376.340175,-3019.344506,1219.573143,-3155.502503
942.908424,-2748.135301,997.734567,-2748.35297
942.908424,-2748.135301,818.063607,-2626.013459
942.908424,-2748.135301,960.781687,-2875.693598
1160.790565,-2951.523492,1219.573143,-3155.502503
1160.790565,-2951.523492,960.781687,-2875.693598
1833.916104,-2398.643552,2024.4686,-2369.921933
1833.916104,-2398.643552,2003.813907,-2452.835052
1833.916104,-2398.643552,1922.046876,-2579.79645
1704.050133,-2440.933735,1922.046876,-2579.79645
1704.050133,-2440.933735,1833.916104,-2398.643552
1546.390822,-2725.481266,1490.246796,-2760.74394
1546.390822,-2725.481266,1723.928885,-2802.237053
1546.390822,-2725.481266,1562.402794,-2665.015298
1912.799902,-2790.624719,2003.786277,-3019.392204
1912.799902,-2790.624719,1939.723613,-2704.958693
1912.799902,-2790.624719,1724.663995,-3053.345992
1608.491323,-3049.311027,1722.310983,-3073.131505
1608.491323,-3049.311027,1459.296897,-2939.662772
1608.491323,-3049.311027,1724.663995,-3053.345992
1412.813104,-2474.265225,1350.829129,-2427.417533
1412.813104,-2474.265225,1642.197228,-2480.755306
1303.017692,-3006.543457,1219.573143,-3155.502503
1303.017692,-3006.543457,1376.340175,-3019.344506
1303.017692,-3006.543457,1160.790565,-2951.523492
1609.448742,-2606.267713,1562.402794,-2665.015298
1609.448742,-2606.267713,1642.197228,-2480.755306
1609.448742,-2606.267713,1412.813104,-2474.265225
1068.854749,-2718.946173,997.734567,-2748.35297
1068.854749,-2718.946173,1104.258239,-2631.06842
1068.854749,-2718.946173,1183.445755,-2859.79749
1057.645614,-2444.580064,1038.48753,-2426.400547
1057.645614,-2444.580064,1104.258239,-2631.06842
1057.645614,-2444.580064,1048.765082,-2346.428514
1057.645614,-2444.580064,1350.829129,-2427.417533
409.488158,-3042.826636,609.735665,-3370.433793
360.019724,-2517.58931,231.172278,-2464.167924
120.86753,-3022.123784,45.412605,-3271.474037
80.481261,-2324.921826,231.172278,-2464.167924
292.840899,-3050.274599,263.963555,-3235.911678
292.840899,-3050.274599,409.488158,-3042.826636
455.546216,-2757.755083,360.019724,-2517.58931
739.809797,-2400.795576,818.063607,-2626.013459
739.809797,-2400.795576,825.717367,-2461.573122
370.83758,-2949.547604,409.488158,-3042.826636
370.83758,-2949.547604,455.546216,-2757.755083
528.662327,-3011.466181,734.085384,-3372.320265
528.662327,-3011.466181,409.488158,-3042.826636
528.662327,-3011.466181,370.83758,-2949.547604
229.351293,-2510.4837,231.172278,-2464.167924
229.351293,-2510.4837,360.019724,-2517.58931
492.409474,-2322.473661,477.804901,-2293.697122
492.409474,-2322.473661,739.809797,-2400.795576
552.353561,-2840.90753,960.781687,-2875.693598
552.353561,-2840.90753,455.546216,-2757.755083
552.353561,-2840.90753,528.662327,-3011.466181
37.068467,-2748.196414,120.86753,-3022.123784
37.068467,-2748.196414,200.412316,-2758.15428
114.669719,-2935.166669,120.86753,-3022.123784
114.669719,-2935.166669,200.412316,-2758.15428
114.669719,-2935.166669,292.840899,-3050.274599
48.340239,-2549.820597,200.412316,-2758.15428
48.340239,-2549.820597,229.351293,-2510.4837
48.340239,-2549.820597,37.068467,-2748.196414
410.335075,-2356.777287,360.019724,-2517.58931
410.335075,-2356.777287,477.804901,-2293.697122
410.335075,-2356.777287,492.409474,-2322.473661
603.252796,-1968.431804,477.804901,-2293.697122
38.568343,-2034.930853,191.64162,-2012.769025
87.041267,-1877.022638,191.64162,-2012.769025
87.041267,-1877.022638,38.568343,-2034.930853
546.851084,-1626.937825,428.401536,-1644.13766
546.851084,-1626.937825,580.405727,-1527.665125
32.482453,-2201.87887,38.568343,-2034.930853
190.412404,-1845.010852,191.64162,-2012.769025
190.412404,-1845.010852,87.041267,-1877.022638
568.951582,-1679.320012,428.401536,-1644.13766
568.951582,-1679.320012,580.405727,-1527.665125
568.951582,-1679.320012,546.851084,-1626.937825
232.141646,-2215.47465,80.481261,-2324.921826
232.141646,-2215.47465,477.804901,-2293.697122
232.141646,-2215.47465,191.64162,-2012.769025
0.359991,-1434.76488,27.323129,-1682.98625
498.670186,-1875.375284,603.252796,-1968.431804
498.670186,-1875.375284,428.401536,-1644.13766
498.670186,-1875.375284,190.412404,-1845.010852
396.954579,-1456.842111,580.405727,-1527.665125
251.691317,-1519.874691,428.401536,-1644.13766
251.691317,-1519.874691,0.359991,-1434.76488
251.691317,-1519.874691,396.954579,-1456.842111
1002.673775,-2070.080032,1335.2594,-1970.084867
1005.182447,-1719.945688,898.423898,-1707.521563
1005.182447,-1719.945688,1143.018426,-1790.838904
969.339486,-1974.137171,1002.673775,-2070.080032
1798.272372,-2132.216272,1902.720707,-2029.610464
1206.605412,-1628.484316,1143.018426,-1790.838904
1206.605412,-1628.484316,1223.309202,-1608.435228
1454.673116,-1607.016737,1438.426429,-1545.417164
1333.803912,-2185.818381,1290.929953,-2251.64143
1333.803912,-2185.818381,1317.489196,-2278.590922
1333.803912,-2185.818381,1642.197228,-2480.755306
1733.093668,-2097.250915,1798.272372,-2132.216272
1077.188748,-1892.692462,1002.673775,-2070.080032
1077.188748,-1892.692462,1143.018426,-1790.838904
1619.756157,-1499.774433,1454.673116,-1607.016737
1813.483674,-2175.985751,1902.720707,-2029.610464
1813.483674,-2175.985751,1798.272372,-2132.216272
1813.483674,-2175.985751,1733.093668,-2097.250915
1418.42266,-1522.566943,1438.426429,-1545.417164
915.822974,-1627.408112,898.423898,-1707.521563
915.822974,-1627.408112,1005.182447,-1719.945688
915.822974,-1627.408112,898.796291,-1378.331205
1795.697724,-1602.263889,1739.757297,-1879.154958
1654.272161,-1513.221727,1619.756157,-1499.774433
1654.272161,-1513.221727,1795.697724,-1602.263889
1725.392384,-1963.607155,1902.720707,-2029.610464
1541.090734,-1832.647401,1580.959364,-1762.101168
1467.11931,-2044.910904,1704.050133,-2440.933735
1467.11931,-2044.910904,1335.2594,-1970.084867
1467.11931,-2044.910904,1541.090734,-1832.647401
1442.83428,-1634.453736,1438.426429,-1545.417164
1442.83428,-1634.453736,1223.309202,-1608.435228
1442.83428,-1634.453736,1454.673116,-1607.016737
1442.83428,-1634.453736,1580.959364,-1762.101168
1401.763268,-1748.620528,1206.605412,-1628.484316
1401.763268,-1748.620528,1580.959364,-1762.101168
1401.763268,-1748.620528,1541.090734,-1832.647401
1602.017281,-1905.992018,1733.093668,-2097.250915
1602.017281,-1905.992018,1725.392384,-1963.607155
1602.017281,-1905.992018,1541.090734,-1832.647401
1965.257643,-1844.938186,1739.757297,-1879.154958
1965.257643,-1844.938186,1795.697724,-1602.263889
1211.154116,-1827.368024,1335.2594,-1970.084867
1211.154116,-1827.368024,1143.018426,-1790.838904
1211.154116,-1827.368024,1077.188748,-1892.692462
789.182267,-2158.174634,603.252796,-1968.431804
789.182267,-2158.174634,969.339486,-1974.137171
982.943491,-2160.367784,1290.929953,-2251.64143
982.943491,-2160.367784,1048.765082,-2346.428514
982.943491,-2160.367784,789.182267,-2158.174634
858.179461,-1911.253282,898.423898,-1707.521563
858.179461,-1911.253282,1005.182447,-1719.945688
858.179461,-1911.253282,969.339486,-1974.137171
1684.720475,-1912.708258,1739.757297,-1879.154958
1684.720475,-1912.708258,1725.392384,-1963.607155
1684.720475,-1912.708258,1602.017281,-1905.992018
2047.018386,-1684.305733,1795.697724,-1602.263889
2132.161221,-2009.670529,1965.257643,-1844.938186
2598.666907,-2220.782574,2549.094975,-2238.623169
2870.046961,-2051.721574,2864.934467,-1842.6157
2737.849466,-2201.631618,2703.644597,-2414.742642
2737.849466,-2201.631618,2856.859821,-2124.650432
2737.849466,-2201.631618,2598.666907,-2220.782574
2402.289665,-1766.660226,2047.018386,-1684.305733
2402.289665,-1766.660226,2132.161221,-2009.670529
2479.151073,-2155.793527,2549.094975,-2238.623169
2479.151073,-2155.793527,2598.666907,-2220.782574
2246.113054,-1606.068727,2402.289665,-1766.660226
3261.45447,-1423.60282,3277.876692,-1446.936132
3090.7411,-2066.586063,2856.859821,-2124.650432
2400.11955,-1448.24423,2435.737873,-1421.01287
2535.398517,-1974.803543,2132.161221,-2009.670529
2971.573027,-1631.040263,2978.349523,-1621.875021
3385.594954,-1703.335026,3391.409424,-1888.41287
2831.498487,-1439.447156,2971.573027,-1631.040263
2296.266175,-2185.241127,2367.497757,-2461.497359
2296.266175,-2185.241127,2479.151073,-2155.793527
2296.266175,-2185.241127,2535.398517,-1974.803543
2206.101938,-1521.21037,2047.018386,-1684.305733
2206.101938,-1521.21037,2246.113054,-1606.068727
2206.101938,-1521.21037,2400.11955,-1448.24423
2481.493951,-1684.954937,2402.289665,-1766.660226
2481.493951,-1684.954937,2246.113054,-1606.068727
2481.493951,-1684.954937,2535.398517,-1974.803543
3338.781186,-1534.398831,3277.876692,-1446.936132
3338.781186,-1534.398831,3385.594954,-1703.335026
3075.462378,-1831.439589,3391.409424,-1888.41287
3075.462378,-1831.439589,2978.349523,-1621.875021
3075.462378,-1831.439589,2971.573027,-1631.040263
2638.234589,-1554.623682,2400.11955,-1448.24423
2638.234589,-1554.623682,2971.573027,-1631.040263
2856.86304,-2075.836357,2856.859821,-2124.650432
2856.86304,-2075.836357,2870.046961,-2051.721574
2856.86304,-2075.836357,2737.849466,-2201.631618
3129.867662,-2173.732469,2832.001417,-2523.389087
3129.867662,-2173.732469,3209.348157,-2312.505792
3129.867662,-2173.732469,3090.7411,-2066.586063
2732.113245,-1779.176562,2864.934467,-1842.6157
2732.113245,-1779.176562,2870.046961,-2051.721574
2732.113245,-1779.176562,2481.493951,-1684.954937
2949.042532,-2015.751455,2864.934467,-1842.6157
2949.042532,-2015.751455,2870.046961,-2051.721574
2949.042532,-2015.751455,3090.7411,-2066.586063
4712.555448,-1879.831421,4450.610392,-1760.070181
3493.387656,-1837.020903,3391.409424,-1888.41287
3493.387656,-1837.020903,3385.594954,-1703.335026
3572.125814,-1425.436248,3813.809998,-1525.526843
4148.591379,-2156.488658,4220.729877,-2246.104661
4148.591379,-2156.488658,4123.518224,-1875.925829
4658.915171,-1723.946413,4450.610392,-1760.070181
4658.915171,-1723.946413,4712.555448,-1879.831421
3951.381327,-1996.16403,4123.518224,-1875.925829
4522.410404,-1583.492337,4664.888088,-1635.170189
3562.790843,-1468.604127,3572.125814,-1425.436248
4274.513594,-2199.939249,4220.729877,-2246.104661
4274.513594,-2199.939249,4429.113426,-2427.169455
4274.513594,-2199.939249,4148.591379,-2156.488658
3529.303191,-1912.323639,3391.409424,-1888.41287
3529.303191,-1912.323639,3493.387656,-1837.020903
3529.303191,-1912.323639,3640.691395,-2084.83309
3624.10676,-2116.425814,3640.691395,-2084.83309
4238.251699,-1888.955182,4123.518224,-1875.925829
3577.151701,-1695.582884,3493.387656,-1837.020903
3577.151701,-1695.582884,3562.790843,-1468.604127
3879.915156,-2016.94618,3950.086641,-2268.589041
3879.915156,-2016.94618,3951.381327,-1996.16403
4362.48074,-1931.09986,4450.610392,-1760.070181
4362.48074,-1931.09986,4274.513594,-2199.939249
4362.48074,-1931.09986,4238.251699,-1888.955182
3430.905141,-2142.631662,3344.999681,-2316.05312
3430.905141,-2142.631662,3391.409424,-1888.41287
3430.905141,-2142.631662,3529.303191,-1912.323639
3430.905141,-2142.631662,3624.10676,-2116.425814
3513.437743,-1482.248915,3277.876692,-1446.936132
3513.437743,-1482.248915,3338.781186,-1534.398831
3513.437743,-1482.248915,3572.125814,-1425.436248
3513.437743,-1482.248915,3562.790843,-1468.604127
3719.892429,-2049.738948,3873.236984,-2294.994544
3719.892429,-2049.738948,3640.691395,-2084.83309
3719.892429,-2049.738948,3624.10676,-2116.425814
3719.892429,-2049.738948,3879.915156,-2016.94618
4409.508436,-1386.150693,4522.410404,-1583.492337
3737.57712,-1839.531368,3493.387656,-1837.020903
3737.57712,-1839.531368,3951.381327,-1996.16403
3737.57712,-1839.531368,3577.151701,-1695.582884
4716.097306,-1482.095338,4664.888088,-1635.170189
4716.097306,-1482.095338,4522.410404,-1583.492337
3960.629611,-1707.66086,3951.381327,-1996.16403
3960.629611,-1707.66086,4238.251699,-1888.955182
4822.05564,-1865.947349,4712.555448,-1879.831421
4822.05564,-1865.947349,4658.915171,-1723.946413
4822.05564,-1865.947349,4936.665715,-2122.581836
5376.46573,-1854.765474,5406.114408,-1651.708546
5133.097296,-1600.105506,5044.219457,-1801.380892
4823.16651,-1624.614366,4664.888088,-1635.170189
4823.16651,-1624.614366,4716.097306,-1482.095338
4823.16651,-1624.614366,5133.097296,-1600.105506
5248.784152,-1650.301015,5406.114408,-1651.708546
5248.784152,-1650.301015,5133.097296,-1600.105506
5256.142197,-1430.187193,5303.163562,-1416.215356
5256.142197,-1430.187193,4970.397788,-1443.851391
5456.267798,-1888.935636,5406.114408,-1651.708546
5456.267798,-1888.935636,5376.46573,-1854.765474
4897.228537,-2226.684756,4776.568709,-2419.793203
4897.228537,-2226.684756,5089.189246,-2295.463785
4897.228537,-2226.684756,5094.320776,-2350.835527
4897.228537,-2226.684756,4982.564596,-2497.363538
4897.228537,-2226.684756,4936.665715,-2122.581836
5288.181901,-1489.240686,5248.784152,-1650.301015
5288.181901,-1489.240686,5256.142197,-1430.187193
5127.711402,-1768.49482,5193.440008,-1965.006484
5127.711402,-1768.49482,5376.46573,-1854.765474
5127.711402,-1768.49482,5044.219457,-1801.380892
5127.711402,-1768.49482,5248.784152,-1650.301015
5013.607481,-1979.22712,4936.665715,-2122.581836
5013.607481,-1979.22712,5193.440008,-1965.006484
5013.607481,-1979.22712,5044.219457,-1801.380892
5511.666669,-1575.692111,5288.181901,-1489.240686
5356.093297,-2097.491577,5303.312366,-2316.259401
5356.093297,-2097.491577,5456.823966,-2441.52256
5356.093297,-2097.491577,5193.440008,-1965.006484
4932.165844,-861.253111,4818.215173,-850.720659
4988.038667,-1088.031312,5256.142197,-1430.187193
5283.230248,-674.555819,5261.239872,-516.441984
4961.992845,-1014.129832,5123.216676,-1003.774292
4961.992845,-1014.129832,4988.038667,-1088.031312
4818.628032,-711.602416,4818.215173,-850.720659
4818.628032,-711.602416,4932.165844,-861.253111
5323.921748,-1284.063936,5303.163562,-1416.215356
5323.921748,-1284.063936,5256.142197,-1430.187193
5346.090829,-699.801531,5261.239872,-516.441984
5346.090829,-699.801531,5283.230248,-674.555819
4784.204009,-918.490696,4818.215173,-850.720659
4784.204009,-918.490696,4932.165844,-861.253111
4784.204009,-918.490696,4961.992845,-1014.129832
5272.319688,-931.598929,5123.216676,-1003.774292
5272.319688,-931.598929,5346.090829,-699.801531
5500.772271,-1134.714165,5323.921748,-1284.063936
5077.0771,-660.315848,5283.230248,-674.555819
5077.0771,-660.315848,4818.628032,-711.602416
4953.394031,-1111.917137,4970.397788,-1443.851391
4953.394031,-1111.917137,4988.038667,-1088.031312
4816.023152,-1179.644728,4953.394031,-1111.917137
4987.888303,-559.913541,4786.758625,-606.270771
4987.888303,-559.913541,5077.0771,-660.315848
5420.066504,-1365.479894,5303.163562,-1416.215356
5420.066504,-1365.479894,5288.181901,-1489.240686
5420.066504,-1365.479894,5323.921748,-1284.063936
5426.189338,-1104.37959,5123.216676,-1003.774292
5426.189338,-1104.37959,5497.074306,-852.674653
5426.189338,-1104.37959,5272.319688,-931.598929
5426.189338,-1104.37959,5500.772271,-1134.714165
4564.33338,-745.34171,4786.758625,-606.270771
4581.370903,-1067.571143,4784.204009,-918.490696
4581.370903,-1067.571143,4816.023152,-1179.644728
4086.788777,-682.860909,3780.659836,-653.228087
4086.788777,-682.860909,4078.946679,-553.56469
4541.836073,-823.741684,4564.33338,-745.34171
4438.970322,-1245.369319,4409.508436,-1386.150693
4322.409744,-1009.907339,4581.370903,-1067.571143
3500.292936,-865.651939,3541.283945,-949.066455
3500.292936,-865.651939,3728.350654,-829.684727
4676.322456,-1314.40396,4970.397788,-1443.851391
4676.322456,-1314.40396,4438.970322,-1245.369319
3494.583454,-948.069081,3541.283945,-949.066455
3542.060683,-562.623327,3780.659836,-653.228087
3542.060683,-562.623327,3728.350654,-829.684727
4494.912157,-869.886046,4541.836073,-823.741684
4494.912157,-869.886046,4322.409744,-1009.907339
4623.872979,-1174.192306,4816.023152,-1179.644728
4623.872979,-1174.192306,4438.970322,-1245.369319
4623.872979,-1174.192306,4676.322456,-1314.40396
3745.567416,-1089.773666,3813.809998,-1525.526843
3745.567416,-1089.773666,3728.350654,-829.684727
3745.567416,-1089.773666,4024.485358,-1065.124661
4604.720049,-847.008455,4818.215173,-850.720659
4604.720049,-847.008455,4784.204009,-918.490696
4604.720049,-847.008455,4541.836073,-823.741684
4604.720049,-847.008455,4494.912157,-869.886046
3441.560056,-835.260875,3500.292936,-865.651939
4038.00918,-1204.030666,4024.485358,-1065.124661
4038.00918,-1204.030666,3745.567416,-1089.773666
3513.987619,-1139.638137,3572.125814,-1425.436248
3513.987619,-1139.638137,3541.283945,-949.066455
3513.987619,-1139.638137,3494.583454,-948.069081
4456.123282,-737.462573,4564.33338,-745.34171
4456.123282,-737.462573,4399.640481,-675.982158
4456.123282,-737.462573,4541.836073,-823.741684
4456.123282,-737.462573,4494.912157,-869.886046
3426.616479,-1240.207186,3261.45447,-1423.60282
4200.904328,-802.087298,4086.788777,-682.860909
4200.904328,-802.087298,4456.123282,-737.462573
4035.719775,-1288.10586,3813.809998,-1525.526843
4035.719775,-1288.10586,3960.629611,-1707.66086
4035.719775,-1288.10586,4038.00918,-1204.030666
4213.291121,-981.209222,4024.485358,-1065.124661
4213.291121,-981.209222,4322.409744,-1009.907339
4213.291121,-981.209222,4200.904328,-802.087298
4366.946644,-1237.539819,4409.508436,-1386.150693
4366.946644,-1237.539819,4438.970322,-1245.369319
4366.946644,-1237.539819,4213.291121,-981.209222
3357.91905,-1066.526238,3494.583454,-948.069081
3357.91905,-1066.526238,3513.987619,-1139.638137
3357.91905,-1066.526238,3426.616479,-1240.207186
2603.740157,-1351.543361,2831.498487,-1439.447156
2603.740157,-1351.543361,2638.234589,-1554.623682
3121.715651,-722.040062,3201.273559,-859.730435
2756.783275,-578.221848,2878.287624,-677.973616
3131.964122,-1122.693945,3426.616479,-1240.207186
2445.172297,-1050.442144,2601.190844,-980.368058
2445.172297,-1050.442144,2439.792641,-1065.440189
2598.382323,-745.336013,2587.315155,-648.381565
3285.589431,-1055.063324,3441.560056,-835.260875
3285.589431,-1055.063324,3357.91905,-1066.526238
3285.589431,-1055.063324,3131.964122,-1122.693945
2594.25749,-639.867393,2587.315155,-648.381565
2594.25749,-639.867393,2756.783275,-578.221848
3391.184898,-765.789039,3441.560056,-835.260875
3391.184898,-765.789039,3273.184989,-600.481915
3107.480096,-1362.163129,2978.349523,-1621.875021
3107.480096,-1362.163129,3261.45447,-1423.60282
2284.669875,-1257.706441,2435.737873,-1421.01287
2284.669875,-1257.706441,2439.792641,-1065.440189
2383.197862,-816.853651,2601.190844,-980.368058
2383.197862,-816.853651,2445.172297,-1050.442144
2383.197862,-816.853651,2598.382323,-745.336013
2798.443072,-1330.106916,2831.498487,-1439.447156
2540.344684,-1089.113293,2435.737873,-1421.01287
2540.344684,-1089.113293,2603.740157,-1351.543361
2540.344684,-1089.113293,2601.190844,-980.368058
2540.344684,-1089.113293,2439.792641,-1065.440189
2540.344684,-1089.113293,2445.172297,-1050.442144
3193.313781,-600.523775,3273.184989,-600.481915
3193.313781,-600.523775,3121.715651,-722.040062
3193.313781,-600.523775,2878.287624,-677.973616
2340.309347,-716.066532,2587.315155,-648.381565
2931.348444,-1105.39088,2957.670267,-1153.682177
2931.348444,-1105.39088,3131.964122,-1122.693945
2931.348444,-1105.39088,2798.443072,-1330.106916
3039.692132,-965.104307,3201.273559,-859.730435
3039.692132,-965.104307,3285.589431,-1055.063324
2718.387061,-1041.008689,2601.190844,-980.368058
2718.387061,-1041.008689,2931.348444,-1105.39088
3169.285398,-690.143058,3201.273559,-859.730435
3169.285398,-690.143058,3391.184898,-765.789039
3169.285398,-690.143058,3193.313781,-600.523775
2794.688605,-767.053099,2598.382323,-745.336013
2794.688605,-767.053099,3039.692132,-965.104307
2794.688605,-767.053099,2718.387061,-1041.008689
2323.923244,-803.268427,2138.175115,-884.165744
2323.923244,-803.268427,2383.197862,-816.853651
2323.923244,-803.268427,2340.309347,-716.066532
2956.856754,-762.698782,3121.715651,-722.040062
2956.856754,-762.698782,2878.287624,-677.973616
2956.856754,-762.698782,2794.688605,-767.053099
2107.749687,-1325.693693,2206.101938,-1521.21037
2846.969125,-1354.774372,2957.670267,-1153.682177
2846.969125,-1354.774372,2798.443072,-1330.106916
3049.382084,-1340.626313,2978.349523,-1621.875021
3049.382084,-1340.626313,2957.670267,-1153.682177
3049.382084,-1340.626313,3107.480096,-1362.163129
3049.382084,-1340.626313,2846.969125,-1354.774372
2336.312062,-895.875232,2138.175115,-884.165744
2336.312062,-895.875232,2383.197862,-816.853651
2336.312062,-895.875232,2323.923244,-803.268427
1999.954959,-1156.081837,2138.175115,-884.165744
1999.954959,-1156.081837,2284.669875,-1257.706441
1999.954959,-1156.081837,2107.749687,-1325.693693
1819.371494,-553.737957,2136.122269,-605.350668
1304.487399,-1313.89069,1418.42266,-1522.566943
1465.781165,-990.7361,1278.61021,-887.083749
1689.14125,-1213.539968,1654.272161,-1513.221727
2016.595528,-1349.645071,2107.749687,-1325.693693
2016.595528,-1349.645071,1999.954959,-1156.081837
1528.234111,-995.772673,1465.781165,-990.7361
1580.981205,-1190.384193,1689.14125,-1213.539968
1268.869733,-1272.715059,1304.487399,-1313.89069
1159.899549,-1200.658612,1268.869733,-1272.715059
1354.037187,-1289.510286,1619.756157,-1499.774433
1354.037187,-1289.510286,1418.42266,-1522.566943
1354.037187,-1289.510286,1580.981205,-1190.384193
1354.037187,-1289.510286,1268.869733,-1272.715059
1012.089129,-956.530399,981.690572,-859.912281
1032.952359,-754.038749,1278.61021,-887.083749
1032.952359,-754.038749,981.690572,-859.912281
1032.952359,-754.038749,871.081394,-690.678401
1662.622548,-896.459908,1528.234111,-995.772673
840.079224,-841.377308,981.690572,-859.912281
1274.397819,-730.665355,1182.312973,-522.368347
1274.397819,-730.665355,1278.61021,-887.083749
1274.397819,-730.665355,1574.393926,-749.407964
1811.492222,-1124.233899,1689.14125,-1213.539968
826.547171,-918.564377,981.690572,-859.912281
826.547171,-918.564377,1012.089129,-956.530399
1869.027656,-888.301859,2136.122269,-605.350668
1869.027656,-888.301859,1819.371494,-553.737957
863.539683,-1288.624696,898.796291,-1378.331205
1628.952143,-678.831536,1574.393926,-749.407964
1628.952143,-678.831536,1662.622548,-896.459908
1840.068021,-882.372613,1869.027656,-888.301859
1840.068021,-882.372613,1628.952143,-678.831536
1766.722783,-1027.168518,1528.234111,-995.772673
1766.722783,-1027.168518,1662.622548,-896.459908
1766.722783,-1027.168518,1811.492222,-1124.233899
1766.722783,-1027.168518,1840.068021,-882.372613
838.358955,-823.384142,981.690572,-859.912281
838.358955,-823.384142,871.081394,-690.678401
838.358955,-823.384142,840.079224,-841.377308
1508.90251,-1097.688283,1465.781165,-990.7361
1508.90251,-1097.688283,1580.981205,-1190.384193
1508.90251,-1097.688283,1766.722783,-1027.168518
1608.047688,-660.336907,1628.952143,-678.831536
1118.708027,-1051.997274,1159.899549,-1200.658612
1118.708027,-1051.997274,1012.089129,-956.530399
1060.196944,-1294.145521,1223.309202,-1608.435228
1060.196944,-1294.145521,898.796291,-1378.331205
1060.196944,-1294.145521,1304.487399,-1313.89069
1060.196944,-1294.145521,863.539683,-1288.624696
1911.581543,-1124.658724,1999.954959,-1156.081837
1911.581543,-1124.658724,2016.595528,-1349.645071
1911.581543,-1124.658724,1811.492222,-1124.233899
1911.581543,-1124.658724,1766.722783,-1027.168518
1225.990302,-1076.017971,1465.781165,-990.7361
1225.990302,-1076.017971,1159.899549,-1200.658612
1225.990302,-1076.017971,1118.708027,-1051.997274
279.590965,-1129.477487,211.482428,-1285.432831
634.480481,-897.016927,840.079224,-841.377308
634.480481,-897.016927,826.547171,-918.564377
13.448069,-1239.164573,0.359991,-1434.76488
13.448069,-1239.164573,211.482428,-1285.432831
711.421822,-563.955016,691.991055,-522.079916
531.901809,-608.077603,711.421822,-563.955016
63.179565,-1043.706132,211.482428,-1285.432831
359.878805,-939.519878,316.714761,-784.17855
495.845927,-1288.897959,396.954579,-1456.842111
495.845927,-1288.897959,863.539683,-1288.624696
610.452083,-845.020055,634.480481,-897.016927
610.452083,-845.020055,711.421822,-563.955016
610.452083,-845.020055,316.714761,-784.17855
148.800197,-820.003013,33.225135,-789.698582
148.800197,-820.003013,178.43331,-608.45436
590.528645,-539.278642,691.991055,-522.079916
590.528645,-539.278642,531.901809,-608.077603
58.517399,-964.121936,63.179565,-1043.706132
146.781179,-936.853692,279.590965,-1129.477487
146.781179,-936.853692,359.878805,-939.519878
146.781179,-936.853692,58.517399,-964.121936
248.367017,-700.130634,316.714761,-784.17855
248.367017,-700.130634,178.43331,-608.45436
248.367017,-700.130634,148.800197,-820.003013
42.745589,-768.005739,33.225135,-789.698582
42.745589,-768.005739,178.43331,-608.45436
42.745589,-768.005739,148.800197,-820.003013
512.113219,-1052.918925,863.539683,-1288.624696
512.113219,-1052.918925,634.480481,-897.016927
384.270671,-981.298591,359.878805,-939.519878
384.270671,-981.298591,512.113219,-1052.918925
381.822562,-1220.837042,279.590965,-1129.477487
381.822562,-1220.837042,495.845927,-1288.897959
381.822562,-1220.837042,384.270671,-981.298591
154.827073,-49.973571,340.343972,-95.293576
154.827073,-49.973571,40.193673,-453.796022
482.798455,-405.146805,590.528645,-539.278642
487.247149,-265.792597,482.798455,-405.146805
663.190241,-505.808183,691.991055,-522.079916
663.190241,-505.808183,590.528645,-539.278642
17.032139,-456.446062,40.193673,-453.796022
746.81846,-115.771707,721.617365,-249.010124
192.942539,-410.07216,40.193673,-453.796022
192.942539,-410.07216,289.214097,-374.593392
403.614602,-497.809722,531.901809,-608.077603
403.614602,-497.809722,590.528645,-539.278642
403.614602,-497.809722,289.214097,-374.593392
403.614602,-497.809722,192.942539,-410.07216
397.86144,-224.06249,340.343972,-95.293576
397.86144,-224.06249,487.247149,-265.792597
397.86144,-224.06249,289.214097,-374.593392
737.728937,-310.996584,487.247149,-265.792597
737.728937,-310.996584,721.617365,-249.010124
598.314703,-444.626834,482.798455,-405.146805
598.314703,-444.626834,487.247149,-265.792597
598.314703,-444.626834,663.190241,-505.808183
399.514876,-24.241692,340.343972,-95.293576
399.514876,-24.241692,154.827073,-49.973571
1417.049562,-469.084999,1574.393926,-749.407964
1417.049562,-469.084999,1608.047688,-660.336907
1259.744509,-341.170381,1182.312973,-522.368347
1630.180299,-246.884777,1259.744509,-341.170381
1656.449476,-508.870132,1628.952143,-678.831536
1656.449476,-508.870132,1608.047688,-660.336907
1656.449476,-508.870132,1417.049562,-469.084999
893.017352,-237.010785,721.617365,-249.010124
893.017352,-237.010785,746.81846,-115.771707
893.017352,-237.010785,737.728937,-310.996584
2017.044806,-169.120711,1764.664872,-79.097927
1055.338977,-376.938619,1182.312973,-522.368347
2024.069045,-356.495611,2017.044806,-169.120711
1380.799098,-73.615367,1630.180299,-246.884777
1380.799098,-73.615367,1764.664872,-79.097927
1596.582389,-371.928096,1630.180299,-246.884777
1596.582389,-371.928096,1656.449476,-508.870132
1040.534379,-207.419602,1055.338977,-376.938619
1040.534379,-207.419602,1022.996751,-43.79136
927.173915,-211.102721,746.81846,-115.771707
927.173915,-211.102721,893.017352,-237.010785
927.173915,-211.102721,1022.996751,-43.79136
927.173915,-211.102721,1040.534379,-207.419602
1193.010219,-108.459225,1259.744509,-341.170381
1193.010219,-108.459225,1380.799098,-73.615367
1193.010219,-108.459225,1022.996751,-43.79136
1193.010219,-108.459225,1040.534379,-207.419602
953.594763,-385.326279,871.081394,-690.678401
953.594763,-385.326279,893.017352,-237.010785
953.594763,-385.326279,1055.338977,-376.938619
953.594763,-385.326279,927.173915,-211.102721
1735.534328,-220.450452,1630.180299,-246.884777
1735.534328,-220.450452,1764.664872,-79.097927
1735.534328,-220.450452,2024.069045,-356.495611
1735.534328,-220.450452,1596.582389,-371.928096
3107.955138,-309.080591,3193.313781,-600.523775
3231.361451,-359.84679,3273.184989,-600.481915
3231.361451,-359.84679,3107.955138,-309.080591
2762.350417,-127.103683,3107.955138,-309.080591
2629.259856,-380.911379,2756.783275,-578.221848
2629.259856,-380.911379,2594.25749,-639.867393
2629.259856,-380.911379,2560.379975,-329.356668
3406.820751,-379.40866,3542.060683,-562.623327
2125.321538,-473.499374,2136.122269,-605.350668
2125.321538,-473.499374,2340.309347,-716.066532
2125.321538,-473.499374,1819.371494,-553.737957
2125.321538,-473.499374,2024.069045,-356.495611
2339.517438,-305.148002,2560.379975,-329.356668
2319.509683,-15.15156,2334.585591,-54.830848
3181.146708,-194.596424,3231.361451,-359.84679
3181.146708,-194.596424,2762.350417,-127.103683
3374.484792,-175.831102,3406.820751,-379.40866
2695.425566,-240.046016,2560.379975,-329.356668
2695.425566,-240.046016,2762.350417,-127.103683
2695.425566,-240.046016,2629.259856,-380.911379
2678.239964,-41.959098,2762.350417,-127.103683
2678.239964,-41.959098,2695.425566,-240.046016
3176.514149,-48.231095,3181.146708,-194.596424
3176.514149,-48.231095,2678.239964,-41.959098
2471.139942,-120.613254,2334.585591,-54.830848
2471.139942,-120.613254,2339.517438,-305.148002
2471.139942,-120.613254,2319.509683,-15.15156
2311.306066,-123.525695,2334.585591,-54.830848
2311.306066,-123.525695,2339.517438,-305.148002
2311.306066,-123.525695,2471.139942,-120.613254
3580.603062,-139.707095,3374.484792,-175.831102
3580.603062,-139.707095,3176.514149,-48.231095
3430.730204,-217.646121,3406.820751,-379.40866
3430.730204,-217.646121,3374.484792,-175.831102
3430.730204,-217.646121,3580.603062,-139.707095
4643.535706,-459.424796,4399.640481,-675.982158
3721.328811,-496.99316,3780.659836,-653.228087
3720.806967,-419.820284,4078.946679,-553.56469
3720.806967,-419.820284,3721.328811,-496.99316
3563.530495,-434.65518,3406.820751,-379.40866
3563.530495,-434.65518,3721.328811,-496.99316
3563.530495,-434.65518,3720.806967,-419.820284
4163.460927,-87.44761,3918.059617,-190.316154
4341.27515,-461.94053,4399.640481,-675.982158
4300.811936,-208.939576,4475.101582,-208.294527
4300.811936,-208.939576,3918.059617,-190.316154
4300.811936,-208.939576,4163.460927,-87.44761
4300.811936,-208.939576,4341.27515,-461.94053
3787.384452,-296.363394,3720.806967,-419.820284
3787.384452,-296.363394,3563.530495,-434.65518
3787.384452,-296.363394,3918.059617,-190.316154
4505.109917,-41.517342,4475.101582,-208.294527
4505.109917,-41.517342,4163.460927,-87.44761
4334.65832,-69.433304,4475.101582,-208.294527
4334.65832,-69.433304,4163.460927,-87.44761
4334.65832,-69.433304,4300.811936,-208.939576
4330.935811,-486.184413,4078.946679,-553.56469
4330.935811,-486.184413,4399.640481,-675.982158
4330.935811,-486.184413,4341.27515,-461.94053
4848.597383,-326.209479,4987.888303,-559.913541
4848.597383,-326.209479,4643.535706,-459.424796
5270.726452,-20.457073,5194.066431,-169.64279
4844.998563,-192.870897,4475.101582,-208.294527
4844.998563,-192.870897,4505.109917,-41.517342
4957.878778,-124.453604,4844.998563,-192.870897
4845.03182,-354.226421,4786.758625,-606.270771
4845.03182,-354.226421,4643.535706,-459.424796
4845.03182,-354.226421,4848.597383,-326.209479
5048.462896,-127.222345,5194.066431,-169.64279
5048.462896,-127.222345,4957.878778,-124.453604
5433.500093,-239.132681,5261.239872,-516.441984
5433.500093,-239.132681,5194.066431,-169.64279
5457.150991,-196.586437,5194.066431,-169.64279
5457.150991,-196.586437,5433.500093,-239.132681
